Origem;Sentido;Destino;Local A;Local B;Meio de transporte
A-4 - Saída 530;A-4 - Saída 532;Aeroporto de Sevilha - San Pablo;A-4 - Saída 530;A-4 - Saída 532;Carro
A-4 - Saída 530;A-4 - Saída 532;Sevilha;A-4 - Saída 530;A-4 - Saída 532;Carro
A-4 - Saída 530;A-4 - Saída 532;Cádiz;A-4 - Saída 530;A-4 - Saída 532;Carro
A-4 - Saída 532;A-4 - Saída 533;Sevilha;A-4 - Saída 532;A-4 - Saída 533;Carro
A-4 - Saída 532;A-4 - Saída 533;Cádiz;A-4 - Saída 532;A-4 - Saída 533;Carro
A-4 - Saída 532;A-4 - Saída 530;Carmona;A-4 - Saída 530;A-4 - Saída 532;Carro
A-4 - Saída 532;A-4 - Saída 530;Córdoba;A-4 - Saída 530;A-4 - Saída 532;Carro
A-4 - Saída 533;Cruzamento da A-4 com a SE-20;Sevilha;A-4 - Saída 533;Cruzamento da A-4 com a SE-20;Carro
A-4 - Saída 533;Cruzamento da A-4 com a SE-20;Cádiz;A-4 - Saída 533;Cruzamento da A-4 com a SE-20;Carro
A-4 - Saída 533;A-4 - Saída 532;Carmona;A-4 - Saída 532;A-4 - Saída 533;Carro
A-4 - Saída 533;A-4 - Saída 532;Córdoba;A-4 - Saída 532;A-4 - Saída 533;Carro
A-4 - Saída 536;Cruzamento da A-4 Norte com a SE-30;Sevilha;A-4 - Saída 536;Cruzamento da A-4 Norte com a SE-30;Carro
A-4 - Saída 536;Cruzamento da A-4 Norte com a SE-30;Cádiz;A-4 - Saída 536;Cruzamento da A-4 Norte com a SE-30;Carro
A-4 - Saída 536;Cruzamento da A-4 com a SE-20;Aeroporto de Sevilha - San Pablo;A-4 - Saída 536;Cruzamento da A-4 com a SE-20;Carro
A-4 - Saída 536;Cruzamento da A-4 com a SE-20;Carmona;A-4 - Saída 536;Cruzamento da A-4 com a SE-20;Carro
A-4 - Saída 536;Cruzamento da A-4 com a SE-20;Córdoba;A-4 - Saída 536;Cruzamento da A-4 com a SE-20;Carro
A-4 - Saída 553;Cruzamento da A-4 Sul com a SE-40;Sevilha;A-4 - Saída 553;Cruzamento da A-4 Sul com a SE-40;Carro
A-4 - Saída 553;Cruzamento da A-4 Sul com a SE-40;Aeroporto de Sevilha - San Pablo;A-4 - Saída 553;Cruzamento da A-4 Sul com a SE-40;Carro
A-483 - Saída 1;Cruzamento da A-49 com a A-483;A-49 - Huelva/Sevilha;A-483 - Saída 1;Cruzamento da A-49 com a A-483;Carro
A-483 - Saída 1;A-483 - Saída 3;Almonte;A-483 - Saída 1;A-483 - Saída 3;Carro
A-483 - Saída 1;A-483 - Saída 3;El Rocio;A-483 - Saída 1;A-483 - Saída 3;Carro
A-483 - Saída 3;A-483 - Saída 1;A-49 - Huelva/Sevilha;A-483 - Saída 1;A-483 - Saída 3;Carro
A-49 - Saída 1;A-49 - Saída 1B;Huelva;A-49 - Saída 1;A-49 - Saída 1B;Carro
A-49 - Saída 1;Cruzamento da A-49 com a SE-30;A-66 - Mérida;A-49 - Saída 1;Cruzamento da A-49 com a SE-30;Carro
A-49 - Saída 1;Cruzamento da A-49 com a SE-30;A-4 - Aeroporto de Sevilha - San Pablo/Córdoba/Cádiz/Porto de Sevilha;A-49 - Saída 1;Cruzamento da A-49 com a SE-30;Carro
A-49 - Saída 1;Cruzamento da A-49 com a SE-30;Sevilha - Centro da cidade;A-49 - Saída 1;Cruzamento da A-49 com a SE-30;Carro
A-49 - Saída 1;Cruzamento da A-49 com a SE-30;A-92 - Granada;A-49 - Saída 1;Cruzamento da A-49 com a SE-30;Carro
A-49 - Saída 1B;A-49 - Saída 2;Huelva;A-49 - Saída 1B;A-49 - Saída 2;Carro
A-49 - Saída 1B;A-49 - Saída 2;Portugal;A-49 - Saída 1B;A-49 - Saída 2;Carro
A-49 - Saída 1B;A-49 - Saída 1;A-66 - Mérida;A-49 - Saída 1;A-49 - Saída 1B;Carro
A-49 - Saída 1B;A-49 - Saída 1;A-4 - Aeroporto de Sevilha - San Pablo/Córdoba/Cádiz/Porto de Sevilha;A-49 - Saída 1;A-49 - Saída 1B;Carro
A-49 - Saída 1B;A-49 - Saída 1;Sevilha - Centro da cidade;A-49 - Saída 1;A-49 - Saída 1B;Carro
A-49 - Saída 1B;A-49 - Saída 1;N-630 - Camas;A-49 - Saída 1;A-49 - Saída 1B;Carro
A-49 - Saída 1B;A-49 - Saída 1;A-92 - Granada;A-49 - Saída 1;A-49 - Saída 1B;Carro
A-49 - Saída 2;A-49 - Saída 3;Huelva;A-49 - Saída 2;A-49 - Saída 3;Carro
A-49 - Saída 2;A-49 - Saída 3;Portugal;A-49 - Saída 2;A-49 - Saída 3;Carro
A-49 - Saída 2;A-49 - Saída 1B;Sevilha;A-49 - Saída 1B;A-49 - Saída 2;Carro
A-49 - Saída 3;A-49 - Saída 5;Huelva;A-49 - Saída 3;A-49 - Saída 5;Carro
A-49 - Saída 3;A-49 - Saída 2;Sevilha;A-49 - Saída 2;A-49 - Saída 3;Carro
A-49 - Saída 5;Cruzamento da A-49 com a SE-40;Huelva;A-49 - Saída 5;Cruzamento da A-49 com a SE-40;Carro
A-49 - Saída 5;Cruzamento da A-49 com a SE-40;Portugal;A-49 - Saída 5;Cruzamento da A-49 com a SE-40;Carro
A-49 - Saída 5;A-49 - Saída 3;Sevilha - Centro da cidade;A-49 - Saída 3;A-49 - Saída 5;Carro
A-49 - Saída 11;A-49 - Saída 14;Huelva;A-49 - Saída 11;A-49 - Saída 14;Carro
A-49 - Saída 11;A-49 - Saída 14;Portugal;A-49 - Saída 11;A-49 - Saída 14;Carro
A-49 - Saída 11;Cruzamento da A-49 com a SE-40;Sevilha;A-49 - Saída 11;Cruzamento da A-49 com a SE-40;Carro
A-49 - Saída 14;A-49 - Saída 16;Huelva;A-49 - Saída 14;A-49 - Saída 16;Carro
A-49 - Saída 14;A-49 - Saída 16;Portugal;A-49 - Saída 14;A-49 - Saída 16;Carro
A-49 - Saída 14;A-49 - Saída 11;Sevilha;A-49 - Saída 11;A-49 - Saída 14;Carro
A-49 - Saída 16;A-49 - Saída 23;Huelva;A-49 - Saída 16;A-49 - Saída 23;Carro
A-49 - Saída 16;A-49 - Saída 23;Portugal;A-49 - Saída 16;A-49 - Saída 23;Carro
A-49 - Saída 16;A-49 - Saída 14;Sevilha;A-49 - Saída 14;A-49 - Saída 16;Carro
A-49 - Saída 23;A-49 - Saída 28;Huelva;A-49 - Saída 23;A-49 - Saída 28;Carro
A-49 - Saída 23;A-49 - Saída 28;Portugal;A-49 - Saída 23;A-49 - Saída 28;Carro
A-49 - Saída 23;A-49 - Saída 16;Sevilha;A-49 - Saída 16;A-49 - Saída 23;Carro
A-49 - Saída 28;A-49 - Saída 34;Huelva;A-49 - Saída 28;A-49 - Saída 34;Carro
A-49 - Saída 28;A-49 - Saída 34;Portugal;A-49 - Saída 28;A-49 - Saída 34;Carro
A-49 - Saída 28;A-49 - Saída 23;Sevilha;A-49 - Saída 23;A-49 - Saída 28;Carro
A-49 - Saída 34;A-49 - Saída 48;Huelva;A-49 - Saída 34;A-49 - Saída 48;Carro
A-49 - Saída 34;A-49 - Saída 48;Portugal;A-49 - Saída 34;A-49 - Saída 48;Carro
A-49 - Saída 34;A-49 - Saída 28;Sevilha;A-49 - Saída 28;A-49 - Saída 34;Carro
A-49 - Saída 48;Cruzamento da A-49 com a A-483;Huelva;A-49 - Saída 48;Cruzamento da A-49 com a A-483;Carro
A-49 - Saída 48;Cruzamento da A-49 com a A-483;Portugal;A-49 - Saída 48;Cruzamento da A-49 com a A-483;Carro
A-49 - Saída 48;A-49 - Saída 34;Sevilha;A-49 - Saída 34;A-49 - Saída 48;Carro
A-49 - Saída 53;A-49 - Saída 60;Huelva;A-49 - Saída 53;A-49 - Saída 60;Carro
A-49 - Saída 53;A-49 - Saída 60;Portugal;A-49 - Saída 53;A-49 - Saída 60;Carro
A-49 - Saída 53;Cruzamento da A-49 com a A-483;Sevilha;A-49 - Saída 53;Cruzamento da A-49 com a A-483;Carro
A-49 - Saída 60;A-49 - Saída 75;Huelva;A-49 - Saída 60;A-49 - Saída 75;Carro
A-49 - Saída 60;A-49 - Saída 75;Portugal;A-49 - Saída 60;A-49 - Saída 75;Carro
A-49 - Saída 60;A-49 - Saída 53;Sevilha;A-49 - Saída 53;A-49 - Saída 60;Carro
A-49 - Saída 75;Cruzamento da A-49 com a H-31;Huelva;A-49 - Saída 75;Cruzamento da A-49 com a H-31;Carro
A-49 - Saída 75;Cruzamento da A-49 com a H-31;Portugal;A-49 - Saída 75;Cruzamento da A-49 com a H-31;Carro
A-49 - Saída 75;A-49 - Saída 60;Sevilha;A-49 - Saída 60;A-49 - Saída 75;Carro
A-49 - Saída 81;A-49 - Saída 87;Gibraleón;A-49 - Saída 81;A-49 - Saída 87;Carro
A-49 - Saída 81;A-49 - Saída 87;Portugal;A-49 - Saída 81;A-49 - Saída 87;Carro
A-49 - Saída 81;Cruzamento da A-49 com a H-31;Sevilha;A-49 - Saída 81;Cruzamento da A-49 com a H-31;Carro
A-49 - Saída 87;A-49 - Saída 94;Cartaya;A-49 - Saída 87;A-49 - Saída 94;Carro
A-49 - Saída 87;A-49 - Saída 94;Portugal;A-49 - Saída 87;A-49 - Saída 94;Carro
A-49 - Saída 87;A-49 - Saída 81;Sevilha;A-49 - Saída 81;A-49 - Saída 87;Carro
A-49 - Saída 94;A-49 - Saída 99;Cartaya;A-49 - Saída 94;A-49 - Saída 99;Carro
A-49 - Saída 94;A-49 - Saída 99;Portugal;A-49 - Saída 94;A-49 - Saída 99;Carro
A-49 - Saída 94;A-49 - Saída 87;Gibraleón;A-49 - Saída 87;A-49 - Saída 94;Carro
A-49 - Saída 94;A-49 - Saída 87;Huelva;A-49 - Saída 87;A-49 - Saída 94;Carro
A-49 - Saída 99;A-49 - Saída 105;Cartaya;A-49 - Saída 105;A-49 - Saída 99;Carro
A-49 - Saída 99;A-49 - Saída 105;Portugal;A-49 - Saída 105;A-49 - Saída 99;Carro
A-49 - Saída 99;A-49 - Saída 94;Huelva Norte;A-49 - Saída 94;A-49 - Saída 99;Carro
A-49 - Saída 99;A-49 - Saída 94;Sevilha;A-49 - Saída 94;A-49 - Saída 99;Carro
A-49 - Saída 105;A-49 - Saída 113;Lepe;A-49 - Saída 105;A-49 - Saída 113;Carro
A-49 - Saída 105;A-49 - Saída 113;Portugal;A-49 - Saída 105;A-49 - Saída 113;Carro
A-49 - Saída 105;A-49 - Saída 99;Gibraleón;A-49 - Saída 105;A-49 - Saída 99;Carro
A-49 - Saída 105;A-49 - Saída 99;Huelva;A-49 - Saída 105;A-49 - Saída 99;Carro
A-49 - Saída 113;A-49 - Saída 117;Lepe;A-49 - Saída 113;A-49 - Saída 117;Carro
A-49 - Saída 113;A-49 - Saída 117;Portugal;A-49 - Saída 113;A-49 - Saída 117;Carro
A-49 - Saída 113;A-49 - Saída 105;Cartaya;A-49 - Saída 105;A-49 - Saída 113;Carro
A-49 - Saída 113;A-49 - Saída 105;Huelva;A-49 - Saída 105;A-49 - Saída 113;Carro
A-49 - Saída 117;A-49 - Saída 122;Ayamonte;A-49 - Saída 117;A-49 - Saída 122;Carro
A-49 - Saída 117;A-49 - Saída 122;Portugal;A-49 - Saída 117;A-49 - Saída 122;Carro
A-49 - Saída 117;A-49 - Saída 113;Lepe;A-49 - Saída 113;A-49 - Saída 117;Carro
A-49 - Saída 117;A-49 - Saída 113;Huelva;A-49 - Saída 113;A-49 - Saída 117;Carro
A-49 - Saída 122;A-49 - Saída 125;Ayamonte;A-49 - Saída 122;A-49 - Saída 125;Carro
A-49 - Saída 122;A-49 - Saída 125;Portugal;A-49 - Saída 122;A-49 - Saída 125;Carro
A-49 - Saída 122;A-49 - Saída 117;Lepe;A-49 - Saída 117;A-49 - Saída 122;Carro
A-49 - Saída 122;A-49 - Saída 117;Huelva;A-49 - Saída 117;A-49 - Saída 122;Carro
A-49 - Saída 125;A-49 - Saída 129;Ayamonte;A-49 - Saída 125;A-49 - Saída 129;Carro
A-49 - Saída 125;A-49 - Saída 129;Portugal;A-49 - Saída 125;A-49 - Saída 129;Carro
A-49 - Saída 125;A-49 - Saída 122;Lepe;A-49 - Saída 122;A-49 - Saída 125;Carro
A-49 - Saída 125;A-49 - Saída 122;Huelva;A-49 - Saída 122;A-49 - Saída 125;Carro
A-49 - Saída 129;A-49 - Saída 131;Ayamonte;A-49 - Saída 129;A-49 - Saída 131;Carro
A-49 - Saída 129;A-49 - Saída 131;Portugal;A-49 - Saída 129;A-49 - Saída 131;Carro
A-49 - Saída 129;A-49 - Saída 125;Lepe;A-49 - Saída 125;A-49 - Saída 129;Carro
A-49 - Saída 129;A-49 - Saída 125;Huelva;A-49 - Saída 125;A-49 - Saída 129;Carro
A-49 - Saída 131;Ponte Internacional do Guadiana;Portugal;A-49 - Saída 131;Ponte Internacional do Guadiana;Carro
A-49 - Saída 131;A-49 - Saída 129;Ayamonte;A-49 - Saída 129;A-49 - Saída 131;Carro
A-49 - Saída 131;A-49 - Saída 129;Huelva;A-49 - Saída 129;A-49 - Saída 131;Carro
A-66 - Saída 790;A-66 - Saída 795;Sevilha;A-66 - Saída 790;A-66 - Saída 795;Carro
A-66 - Saída 795;A-66 - Saída 798;Sevilha;A-66 - Saída 795;A-66 - Saída 798;Carro
A-66 - Saída 795;A-66 - Saída 790;Mérida;A-66 - Saída 790;A-66 - Saída 795;Carro
A-66 - Saída 798;A-66 - Saída 805;Sevilha;A-66 - Saída 798;A-66 - Saída 805;Carro
A-66 - Saída 798;A-66 - Saída 795;Venta del Alto;A-66 - Saída 795;A-66 - Saída 798;Carro
A-66 - Saída 798;A-66 - Saída 795;Mérida;A-66 - Saída 795;A-66 - Saída 798;Carro
A-66 - Saída 798;A-66 - Saída 795;Portugal;A-66 - Saída 795;A-66 - Saída 798;Carro
A-66 - Saída 805;A-66 - Saída 808;Sevilha;A-66 - Saída 805;A-66 - Saída 808;Carro
A-66 - Saída 805;A-66 - Saída 798;Venta del Alto;A-66 - Saída 798;A-66 - Saída 805;Carro
A-66 - Saída 805;A-66 - Saída 798;Mérida;A-66 - Saída 798;A-66 - Saída 805;Carro
A-66 - Saída 805;A-66 - Saída 798;Portugal;A-66 - Saída 798;A-66 - Saída 805;Carro
A-66 - Saída 808;Cruzamento da A-66 com a SE-30;Sevilha;A-66 - Saída 808;Cruzamento da A-66 com a SE-30;Carro
A-66 - Saída 808;A-66 - Saída 805;Venta del Alto;A-66 - Saída 805;A-66 - Saída 808;Carro
A-66 - Saída 808;A-66 - Saída 805;Mérida;A-66 - Saída 805;A-66 - Saída 808;Carro
A-66 - Saída 808;A-66 - Saída 805;Portugal;A-66 - Saída 805;A-66 - Saída 808;Carro
A-8058 - Saída 0;SE-30 - Saída 15;Sevilha;A-8058 - Saída 0;SE-30 - Saída 15;Carro
A-8058 - Saída 0;San Juan de Aznalfarache;Coria del Río;A-8058 - Saída 0;San Juan de Aznalfarache;Carro
A22 - Saída 11;Área de Serviço de Loulé;ESPANHA;A22 - Saída 11;Área de Serviço de Loulé;Carro
A22 - Saída 11;Área de Serviço de Loulé;Faro;A22 - Saída 11;Área de Serviço de Loulé;Carro
A22 - Saída 12;Área de Serviço de Loulé;Lisboa;A22 - Saída 12;Área de Serviço de Loulé;Carro
A22 - Saída 12;Área de Serviço de Loulé;Portimão;A22 - Saída 12;Área de Serviço de Loulé;Carro
A22 - Saída 12;A22 - Saída 13;ESPANHA;A22 - Saída 12;A22 - Saída 13;Carro
A22 - Saída 12;A22 - Saída 13;Faro;A22 - Saída 12;A22 - Saída 13;Carro
A22 - Saída 13;A22 - Saída 12;Lisboa;A22 - Saída 12;A22 - Saída 13;Carro
A22 - Saída 13;A22 - Saída 12;Portimão;A22 - Saída 12;A22 - Saída 13;Carro
A22 - Saída 13;A22 - Saída 14;ESPANHA;A22 - Saída 13;A22 - Saída 14;Carro
A22 - Saída 13;A22 - Saída 14;Olhão;A22 - Saída 13;A22 - Saída 14;Carro
A22 - Saída 13;Cruzamento do IC4 com a N125;Faro;A22 - Saída 13;Cruzamento do IC4 com a N125;Carro
A22 - Saída 13;Cruzamento do IC4 com a N125;Aeroporto de Faro;A22 - Saída 13;Cruzamento do IC4 com a N125;Carro
A22 - Saída 13;Mar Shopping Algarve;Loulé;A22 - Saída 13;Mar Shopping Algarve;Carro
A22 - Saída 14;A22 - Saída 13;Lisboa;A22 - Saída 13;A22 - Saída 14;Carro
A22 - Saída 14;A22 - Saída 13;Portimão;A22 - Saída 13;A22 - Saída 14;Carro
A22 - Saída 14;A22 - Saída 15;ESPANHA;A22 - Saída 14;A22 - Saída 15;Carro
A22 - Saída 14;A22 - Saída 15;Olhão;A22 - Saída 14;A22 - Saída 15;Carro
A22 - Saída 14;Ruínas Romanas de Milreu;São Brás de Alportel;A22 - Saída 14;Ruínas Romanas de Milreu;Carro
A22 - Saída 14;Ruínas Romanas de Milreu;Estoi;A22 - Saída 14;Ruínas Romanas de Milreu;Carro
A22 - Saída 14;Conceição, Faro;Faro;A22 - Saída 14;Conceição, Faro;Carro
A22 - Saída 15;A22 - Saída 14;Lisboa;A22 - Saída 14;A22 - Saída 15;Carro
A22 - Saída 15;A22 - Saída 14;Faro;A22 - Saída 14;A22 - Saída 15;Carro
A22 - Saída 15;Área de Serviço de Olhão;Tavira;A22 - Saída 15;Área de Serviço de Olhão;Carro
A22 - Saída 15;Área de Serviço de Olhão;ESPANHA;A22 - Saída 15;Área de Serviço de Olhão;Carro
A22 - Saída 16;Área de Serviço de Olhão;Lisboa;A22 - Saída 16;Área de Serviço de Olhão;Carro
A22 - Saída 16;Área de Serviço de Olhão;Faro;A22 - Saída 16;Área de Serviço de Olhão;Carro
A22 - Saída 16;A22 - Saída 17;Monte Gordo;A22 - Saída 16;A22 - Saída 17;Carro
A22 - Saída 16;A22 - Saída 17;ESPANHA;A22 - Saída 16;A22 - Saída 17;Carro
A22 - Saída 17;A22 - Saída 16;Lisboa;A22 - Saída 16;A22 - Saída 17;Carro
A22 - Saída 17;A22 - Saída 16;Faro;A22 - Saída 16;A22 - Saída 17;Carro
A22 - Saída 17;A22 - Saída 18;Vila Real de Santo António;A22 - Saída 17;A22 - Saída 18;Carro
A22 - Saída 17;A22 - Saída 18;ESPANHA;A22 - Saída 17;A22 - Saída 18;Carro
A22 - Saída 18;A22 - Saída 17;Lisboa;A22 - Saída 17;A22 - Saída 18;Carro
A22 - Saída 18;A22 - Saída 17;Faro;A22 - Saída 17;A22 - Saída 18;Carro
A22 - Saída 18;Área de Repouso de Castro Marim;ESPANHA;A22 - Saída 18;Área de Repouso de Castro Marim;Carro
Alcoutim;Sanlúcar de Guadiana;Mértola;Alcoutim;Sanlúcar de Guadiana;Barco
Alcoutim;Sanlúcar de Guadiana;Pomarão;Alcoutim;Sanlúcar de Guadiana;Barco
Alcoutim;Sanlúcar de Guadiana;Sanlúcar de Guadiana;Alcoutim;Sanlúcar de Guadiana;Barco
Alcoutim;Laranjeiras;Vila Real de Santo António;Alcoutim;Laranjeiras;Barco
Alcoutim;Laranjeiras;Ayamonte;Alcoutim;Laranjeiras;Barco
Almada de Ouro;Foz de Odeleite;Mértola;Almada de Ouro;Foz de Odeleite;Barco
Almada de Ouro;Foz de Odeleite;Alcoutim;Almada de Ouro;Foz de Odeleite;Barco
Almada de Ouro;Costa Esuri;Vila Real de Santo António;Almada de Ouro;Costa Esuri;Barco
Almada de Ouro;Costa Esuri;Ayamonte;Almada de Ouro;Costa Esuri;Barco
Ameixal;Miradouro do Caldeirão;Faro;Ameixal;Miradouro do Caldeirão;Carro
Ameixal;Miradouro do Caldeirão;São Brás de Alportel;Ameixal;Miradouro do Caldeirão;Carro
Ameixal;Miradouro do Caldeirão;Loulé;Ameixal;Miradouro do Caldeirão;Carro
Antiga Estação de Isla Cristina - Pozo del Camino;Ayamonte;Ayamonte;Antiga Estação de Isla Cristina - Pozo del Camino;Ayamonte;Comboio
Área de Repouso de Castro Marim;A22 - Saída 18;Lisboa;A22 - Saída 18;Área de Repouso de Castro Marim;Carro
Área de Repouso de Castro Marim;A22 - Saída 18;Faro;A22 - Saída 18;Área de Repouso de Castro Marim;Carro
Área de Repouso de Castro Marim;Ponte Internacional do Guadiana;ESPANHA;Ponte Internacional do Guadiana;Área de Repouso de Castro Marim;Carro
Área de Serviço de Loulé;A22 - Saída 11;Lisboa;A22 - Saída 11;Área de Serviço de Loulé;Carro
Área de Serviço de Loulé;A22 - Saída 11;Portimão;A22 - Saída 11;Área de Serviço de Loulé;Carro
Área de Serviço de Loulé;A22 - Saída 12;ESPANHA;A22 - Saída 12;Área de Serviço de Loulé;Carro
Área de Serviço de Loulé;A22 - Saída 12;Faro;A22 - Saída 12;Área de Serviço de Loulé;Carro
Área de Serviço de Olhão;A22 - Saída 15;Lisboa;A22 - Saída 15;Área de Serviço de Olhão;Carro
Área de Serviço de Olhão;A22 - Saída 15;Faro;A22 - Saída 15;Área de Serviço de Olhão;Carro
Área de Serviço de Olhão;A22 - Saída 16;Tavira;A22 - Saída 16;Área de Serviço de Olhão;Carro
Área de Serviço de Olhão;A22 - Saída 16;ESPANHA;A22 - Saída 16;Área de Serviço de Olhão;Carro
Ayamonte;Costa Esuri;Mértola;Ayamonte;Costa Esuri;Barco
Ayamonte;Costa Esuri;Alcoutim;Ayamonte;Costa Esuri;Barco
Ayamonte;Vila Real de Santo António;Vila Real de Santo António;Ayamonte;Vila Real de Santo António;Barco
Ayamonte;Antiga Estação de Isla Cristina - Pozo del Camino;Gibraleón;Antiga Estação de Isla Cristina - Pozo del Camino;Ayamonte;Comboio
Ayamonte;Antiga Estação de Isla Cristina - Pozo del Camino;Huelva;Antiga Estação de Isla Cristina - Pozo del Camino;Ayamonte;Comboio
Bar do Rio;Laranjeiras;Mértola;Bar do Rio;Laranjeiras;Barco
Bar do Rio;Laranjeiras;Alcoutim;Bar do Rio;Laranjeiras;Barco
Bar do Rio;Foz de Odeleite;Vila Real de Santo António;Bar do Rio;Foz de Odeleite;Barco
Bar do Rio;Foz de Odeleite;Ayamonte;Bar do Rio;Foz de Odeleite;Barco
Barranco do Velho;São Brás de Alportel;Faro;Barranco do Velho;São Brás de Alportel;Carro
Barranco do Velho;São Brás de Alportel;São Brás de Alportel;Barranco do Velho;São Brás de Alportel;Carro
Barranco do Velho;Miradouro do Caldeirão;Ameixal;Barranco do Velho;Miradouro do Caldeirão;Carro
Barranco do Velho;Miradouro do Caldeirão;Beja;Barranco do Velho;Miradouro do Caldeirão;Carro
Barranco do Velho;Miradouro do Caldeirão;Lisboa;Barranco do Velho;Miradouro do Caldeirão;Carro
Cabanas de Tavira;Praia de Cabanas de Tavira;Faro;Cabanas de Tavira;Praia de Cabanas de Tavira;Barco
Cabanas de Tavira;Praia de Cabanas de Tavira;Vila Nova de Cacela;Cabanas de Tavira;Praia de Cabanas de Tavira;Barco
Cabo de Santa Maria;Praia da Barreta;Faro;Cabo de Santa Maria;Praia da Barreta;Barco
Cabo de Santa Maria;Praia da Barreta;Vila Nova de Cacela;Cabo de Santa Maria;Praia da Barreta;Barco
Cais da Mesquita;Penha da Águia;Mértola;Cais da Mesquita;Penha da Águia;Barco
Cais da Mesquita;Pomarão;Vila Real de Santo António;Cais da Mesquita;Pomarão;Barco
Cais da Mesquita;Pomarão;Sanlúcar de Guadiana;Cais da Mesquita;Pomarão;Barco
Cais da Mesquita;Pomarão;Pomarão;Cais da Mesquita;Pomarão;Barco
Cais da Praia do Barril;Praia do Barril;Praia do Barril;Cais da Praia do Barril;Praia do Barril;Comboio
Cais da Praia do Barril;Santa Luzia;Faro;Cais da Praia do Barril;Santa Luzia;Barco
Cais da Praia do Barril;Santa Luzia;Tavira;Cais da Praia do Barril;Santa Luzia;Barco
Cais da Praia do Barril;Santa Luzia;Vila Nova de Cacela;Cais da Praia do Barril;Santa Luzia;Barco
Conceição, Faro;A22 - Saída 14;São Brás de Alportel;A22 - Saída 14;Conceição, Faro;Carro
Conceição, Faro;A22 - Saída 14;A22 - Loulé/ESPANHA/A2 - Lisboa;A22 - Saída 14;Conceição, Faro;Carro
Conceição, Faro;Variante de Faro - Nó com a N2;Faro;Conceição, Faro;Variante de Faro - Nó com a N2;Carro
Conceição, Tavira;Estação de Cacela;Vila Real de Santo António;Conceição, Tavira;Estação de Cacela;Comboio
Conceição, Tavira;Estação da Porta Nova;Lagos;Conceição, Tavira;Estação da Porta Nova;Comboio
Conceição, Tavira;Estação da Porta Nova;Faro;Conceição, Tavira;Estação da Porta Nova;Comboio
Costa Esuri;Almada de Ouro;Mértola;Almada de Ouro;Costa Esuri;Barco
Costa Esuri;Almada de Ouro;Alcoutim;Almada de Ouro;Costa Esuri;Barco
Costa Esuri;Ayamonte;Vila Real de Santo António;Ayamonte;Costa Esuri;Barco
Costa Esuri;Ayamonte;Ayamonte;Ayamonte;Costa Esuri;Barco
Cruzamento da A-376 com a SE-30;SE-30 - Saída 8;A-4 - Cádiz;Cruzamento da A-376 com a SE-30;SE-30 - Saída 8;Carro
Cruzamento da A-376 com a SE-30;SE-30 - Saída 8;Porto de Sevilha;Cruzamento da A-376 com a SE-30;SE-30 - Saída 8;Carro
Cruzamento da A-376 com a SE-30;SE-30 - Saída 8;A-49 - Huelva;Cruzamento da A-376 com a SE-30;SE-30 - Saída 8;Carro
Cruzamento da A-376 com a SE-30;SE-30 - Saída 8;A-66 - Mérida;Cruzamento da A-376 com a SE-30;SE-30 - Saída 8;Carro
Cruzamento da A-376 com a SE-30;SE-30 - Saída 5;A-92 - Granada;Cruzamento da A-376 com a SE-30;SE-30 - Saída 5;Carro
Cruzamento da A-376 com a SE-30;SE-30 - Saída 5;Aeroporto de Sevilha - San Pablo;Cruzamento da A-376 com a SE-30;SE-30 - Saída 5;Carro
Cruzamento da A-376 com a SE-30;SE-30 - Saída 5;A-4 - Córdoba;Cruzamento da A-376 com a SE-30;SE-30 - Saída 5;Carro
Cruzamento da A-4 com a SE-20;A-4 - Saída 536;Sevilha;A-4 - Saída 536;Cruzamento da A-4 com a SE-20;Carro
Cruzamento da A-4 com a SE-20;A-4 - Saída 536;Cádiz;A-4 - Saída 536;Cruzamento da A-4 com a SE-20;Carro
Cruzamento da A-4 com a SE-20;A-4 - Saída 533;Aeroporto de Sevilha - San Pablo;A-4 - Saída 533;Cruzamento da A-4 com a SE-20;Carro
Cruzamento da A-4 com a SE-20;A-4 - Saída 533;Carmona;A-4 - Saída 533;Cruzamento da A-4 com a SE-20;Carro
Cruzamento da A-4 com a SE-20;A-4 - Saída 533;Córdoba;A-4 - Saída 533;Cruzamento da A-4 com a SE-20;Carro
Cruzamento da A-4 Norte com a SE-30;SE-30 - Saída 1;A-92 - Granada;Cruzamento da A-4 Norte com a SE-30;SE-30 - Saída 1;Carro
Cruzamento da A-4 Norte com a SE-30;SE-30 - Saída 1;A-4 - Cádiz;Cruzamento da A-4 Norte com a SE-30;SE-30 - Saída 1;Carro
Cruzamento da A-4 Norte com a SE-30;SE-30 - Saída 1;Porto de Sevilha;Cruzamento da A-4 Norte com a SE-30;SE-30 - Saída 1;Carro
Cruzamento da A-4 Norte com a SE-30;SE-30 - Saída 1;A-49 - Huelva;Cruzamento da A-4 Norte com a SE-30;SE-30 - Saída 1;Carro
Cruzamento da A-4 Norte com a SE-30;Ronda Urbana Norte de Sevilha - Poligono Calonge;Ronda Urbana Norte de Sevilha;Cruzamento da A-4 Norte com a SE-30;Ronda Urbana Norte de Sevilha - Poligono Calonge;Carro
Cruzamento da A-4 Norte com a SE-30;Ronda Urbana Norte de Sevilha - Poligono Calonge;A-66 - Mérida;Cruzamento da A-4 Norte com a SE-30;Ronda Urbana Norte de Sevilha - Poligono Calonge;Carro
Cruzamento da A-4 Norte com a SE-30;A-4 - Saída 536;Aeroporto de Sevilha - San Pablo;A-4 - Saída 536;Cruzamento da A-4 Norte com a SE-30;Carro
Cruzamento da A-4 Norte com a SE-30;A-4 - Saída 536;Carmona;A-4 - Saída 536;Cruzamento da A-4 Norte com a SE-30;Carro
Cruzamento da A-4 Norte com a SE-30;A-4 - Saída 536;Córdoba;A-4 - Saída 536;Cruzamento da A-4 Norte com a SE-30;Carro
Cruzamento da A-4 Sul com a SE-30;Ponte do Centenário;Porto de Sevilha Oeste;Cruzamento da A-4 Sul com a SE-30;Ponte do Centenário;Carro
Cruzamento da A-4 Sul com a SE-30;Ponte do Centenário;A-49 - Huelva;Cruzamento da A-4 Sul com a SE-30;Ponte do Centenário;Carro
Cruzamento da A-4 Sul com a SE-30;Ponte do Centenário;A-66 - Mérida;Cruzamento da A-4 Sul com a SE-30;Ponte do Centenário;Carro
Cruzamento da A-4 Sul com a SE-30;SE-30 - Saída 8;A-376 - Utrera;Cruzamento da A-4 Sul com a SE-30;SE-30 - Saída 8;Carro
Cruzamento da A-4 Sul com a SE-30;SE-30 - Saída 8;A-92 - Granada;Cruzamento da A-4 Sul com a SE-30;SE-30 - Saída 8;Carro
Cruzamento da A-4 Sul com a SE-30;SE-30 - Saída 8;A-4 - Córdoba;Cruzamento da A-4 Sul com a SE-30;SE-30 - Saída 8;Carro
Cruzamento da A-4 Sul com a SE-30;Cruzamento da A-4 Sul com a SE-40;Cádiz;Cruzamento da A-4 Sul com a SE-30;Cruzamento da A-4 Sul com a SE-40;Carro
Cruzamento da A-4 Sul com a SE-40;Cruzamento da A-4 Sul com a SE-30;Sevilha;Cruzamento da A-4 Sul com a SE-30;Cruzamento da A-4 Sul com a SE-40;Carro
Cruzamento da A-4 Sul com a SE-40;Cruzamento da A-4 Sul com a SE-30;Aeroporto de Sevilha - San Pablo;Cruzamento da A-4 Sul com a SE-30;Cruzamento da A-4 Sul com a SE-40;Carro
Cruzamento da A-4 Sul com a SE-40;A-4 - Saída 553;Dos Hermanas;A-4 - Saída 553;Cruzamento da A-4 Sul com a SE-40;Carro
Cruzamento da A-4 Sul com a SE-40;A-4 - Saída 553;Cádiz;A-4 - Saída 553;Cruzamento da A-4 Sul com a SE-40;Carro
Cruzamento da A-4 Sul com a SE-40;SE-40 - Saída 19;Aeroporto de Sevilha - San Pablo;Cruzamento da A-4 Sul com a SE-40;SE-40 - Saída 19;Carro
Cruzamento da A-4 Sul com a SE-40;SE-40 - Saída 19;A-92 - Sevilha/Málaga/Granada;Cruzamento da A-4 Sul com a SE-40;SE-40 - Saída 19;Carro
Cruzamento da A-4 Sul com a SE-40;SE-40 - Saída 19;A-376 - Sevilha/Utrera;Cruzamento da A-4 Sul com a SE-40;SE-40 - Saída 19;Carro
Cruzamento da A-4 Sul com a SE-40;SE-40 - Saída 19;A-4 - Carmona/Córdoba;Cruzamento da A-4 Sul com a SE-40;SE-40 - Saída 19;Carro
Cruzamento da A-49 com a H-31;A-49 - Saída 81;Portugal;A-49 - Saída 81;Cruzamento da A-49 com a H-31;Carro
Cruzamento da A-49 com a H-31;A-49 - Saída 75;Sevilha;A-49 - Saída 75;Cruzamento da A-49 com a H-31;Carro
Cruzamento da A-49 com a H-31;H-31 - Saída 80;Huelva;Cruzamento da A-49 com a H-31;H-31 - Saída 80;Carro
Cruzamento da A-49 com a A-483;A-49 - Saída 53;Huelva;A-49 - Saída 53;Cruzamento da A-49 com a A-483;Carro
Cruzamento da A-49 com a A-483;A-49 - Saída 53;Portugal;A-49 - Saída 53;Cruzamento da A-49 com a A-483;Carro
Cruzamento da A-49 com a A-483;A-49 - Saída 48;Sevilha;A-49 - Saída 48;Cruzamento da A-49 com a A-483;Carro
Cruzamento da A-49 com a A-483;A-483 - Saída 1;Almonte;A-483 - Saída 1;Cruzamento da A-49 com a A-483;Carro
Cruzamento da A-49 com a A-483;A-483 - Saída 1;Parque Nacional de Doñana;A-483 - Saída 1;Cruzamento da A-49 com a A-483;Carro
Cruzamento da A-49 com a SE-30;Cruzamento da A-66 com a SE-30;A-66 - Mérida;Cruzamento da A-49 com a SE-30;Cruzamento da A-66 com a SE-30;Carro
Cruzamento da A-49 com a SE-30;Cruzamento da A-66 com a SE-30;A-4 - Córdoba/Aeroporto de Sevilha - San Pablo;Cruzamento da A-49 com a SE-30;Cruzamento da A-66 com a SE-30;Carro
Cruzamento da A-49 com a SE-30;SE-30 - Saída 15;Coria del Río;Cruzamento da A-49 com a SE-30;SE-30 - Saída 15;Carro
Cruzamento da A-49 com a SE-30;SE-30 - Saída 15;A-4 - Cádiz/Porto de Sevilha;Cruzamento da A-49 com a SE-30;SE-30 - Saída 15;Carro
Cruzamento da A-49 com a SE-30;SE-30 - Saída 15;A-92 - Granada;Cruzamento da A-49 com a SE-30;SE-30 - Saída 15;Carro
Cruzamento da A-49 com a SE-30;A-49 - Saída 1;Camas;A-49 - Saída 1;Cruzamento da A-49 com a SE-30;Carro
Cruzamento da A-49 com a SE-30;A-49 - Saída 1;Huelva;A-49 - Saída 1;Cruzamento da A-49 com a SE-30;Carro
Cruzamento da A-49 com a SE-30;Sevilha - Avenida Expo'92;Sevilha - Centro da cidade;Cruzamento da A-49 com a SE-30;Sevilha - Avenida Expo'92;Carro
Cruzamento da A-49 com a SE-30;Sevilha - Avenida Expo'92;Sevilha - Triana;Cruzamento da A-49 com a SE-30;Sevilha - Avenida Expo'92;Carro
Cruzamento da A-49 com a SE-30;Sevilha - Avenida Expo'92;Sevilha - Isla de la Cartuja;Cruzamento da A-49 com a SE-30;Sevilha - Avenida Expo'92;Carro
Cruzamento da A-49 com a SE-40;A-49 - Saída 11;Huelva;A-49 - Saída 11;Cruzamento da A-49 com a SE-40;Carro
Cruzamento da A-49 com a SE-40;A-49 - Saída 11;Portugal;A-49 - Saída 11;Cruzamento da A-49 com a SE-40;Carro
Cruzamento da A-49 com a SE-40;A-49 - Saída 5;Sevilha - Centro da cidade;A-49 - Saída 5;Cruzamento da A-49 com a SE-40;Carro
Cruzamento da A-49 com a SE-40;SE-40 - Saída 35;Almensilla;Cruzamento da A-49 com a SE-40;SE-40 - Saída 35;Carro
Cruzamento da A-49 com a SE-40;SE-40 - Saída 35;Palomares del Río;Cruzamento da A-49 com a SE-40;SE-40 - Saída 35;Carro
Cruzamento da A-66 com a SE-30;Cruzamento da SE-20 com a SE-30;Sevilha Norte;Cruzamento da A-66 com a SE-30;Cruzamento da SE-20 com a SE-30;Carro
Cruzamento da A-66 com a SE-30;Cruzamento da SE-20 com a SE-30;Aeroporto de Sevilha - San Pablo;Cruzamento da A-66 com a SE-30;Cruzamento da SE-20 com a SE-30;Carro
Cruzamento da A-66 com a SE-30;Cruzamento da SE-20 com a SE-30;Sevilha - Isla de la Cartuja;Cruzamento da A-66 com a SE-30;Cruzamento da SE-20 com a SE-30;Carro
Cruzamento da A-66 com a SE-30;Cruzamento da SE-20 com a SE-30;A-4 - Córdoba;Cruzamento da A-66 com a SE-30;Cruzamento da SE-20 com a SE-30;Carro
Cruzamento da A-66 com a SE-30;Cruzamento da A-49 com a SE-30;A-49 - Huelva;Cruzamento da A-49 com a SE-30;Cruzamento da A-66 com a SE-30;Carro
Cruzamento da A-66 com a SE-30;Cruzamento da A-49 com a SE-30;A-4 - Cádiz;Cruzamento da A-49 com a SE-30;Cruzamento da A-66 com a SE-30;Carro
Cruzamento da A-66 com a SE-30;Cruzamento da A-49 com a SE-30;A-92 - Málaga/Granada;Cruzamento da A-49 com a SE-30;Cruzamento da A-66 com a SE-30;Carro
Cruzamento da A-66 com a SE-30;A-66 - Saída 808;Venta del Alto;A-66 - Saída 808;Cruzamento da A-66 com a SE-30;Carro
Cruzamento da A-66 com a SE-30;A-66 - Saída 808;Mérida;A-66 - Saída 808;Cruzamento da A-66 com a SE-30;Carro
Cruzamento da A-92 com a SE-30;SE-30 - Saída 3;A-376 - Utrera;Cruzamento da A-92 com a SE-30;SE-30 - Saída 3;Carro
Cruzamento da A-92 com a SE-30;SE-30 - Saída 3;A-4 - Cádiz;Cruzamento da A-92 com a SE-30;SE-30 - Saída 3;Carro
Cruzamento da A-92 com a SE-30;SE-30 - Saída 3;Porto de Sevilha;Cruzamento da A-92 com a SE-30;SE-30 - Saída 3;Carro
Cruzamento da A-92 com a SE-30;SE-30 - Saída 3;A-49 - Huelva;Cruzamento da A-92 com a SE-30;SE-30 - Saída 3;Carro
Cruzamento da A-92 com a SE-30;SE-30 - Saída 1;Ronda Urbana Norte de Sevilha;Cruzamento da A-92 com a SE-30;SE-30 - Saída 1;Carro
Cruzamento da A-92 com a SE-30;SE-30 - Saída 1;Aeroporto de Sevilha - San Pablo;Cruzamento da A-92 com a SE-30;SE-30 - Saída 1;Carro
Cruzamento da A-92 com a SE-30;SE-30 - Saída 1;A-4 - Córdoba;Cruzamento da A-92 com a SE-30;SE-30 - Saída 1;Carro
Cruzamento da A-92 com a SE-30;SE-30 - Saída 1;A-66 - Mérida;Cruzamento da A-92 com a SE-30;SE-30 - Saída 1;Carro
Cruzamento da H-30 com a H-31;H-31 - Saída 80;Sevilha;Cruzamento da H-30 com a H-31;H-31 - Saída 80;Carro
Cruzamento do IC4 com a M520;Variante de Faro - Nó com o IC4;Faro;Cruzamento do IC4 com a M520;Variante de Faro - Nó com o IC4;Carro
Cruzamento do IC4 com a M520;Variante de Faro - Nó com o IC4;Aeroporto de Faro;Cruzamento do IC4 com a M520;Variante de Faro - Nó com o IC4;Carro
Cruzamento do IC4 com a M520;Cruzamento do IC4 com a N125;Loulé;Cruzamento do IC4 com a M520;Cruzamento do IC4 com a N125;Carro
Cruzamento do IC4 com a M520;Cruzamento do IC4 com a N125;A22 - ESPANHA/Portimão;Cruzamento do IC4 com a M520;Cruzamento do IC4 com a N125;Carro
Cruzamento do IC4 com a N125;Cruzamento do IC4 com a M520;Faro;Cruzamento do IC4 com a M520;Cruzamento do IC4 com a N125;Carro
Cruzamento do IC4 com a N125;Cruzamento do IC4 com a M520;Aeroporto de Faro;Cruzamento do IC4 com a M520;Cruzamento do IC4 com a N125;Carro
Cruzamento do IC4 com a N125;A22 - Saída 13;Loulé;A22 - Saída 13;Cruzamento do IC4 com a N125;Carro
Cruzamento do IC4 com a N125;A22 - Saída 13;A22 - ESPANHA/Portimão;A22 - Saída 13;Cruzamento do IC4 com a N125;Carro
Cruzamento da SE-20 com a SE-30;SE-30 - Saída 21;Sevilha - Rua Torneo;Cruzamento da SE-20 com a SE-30;SE-30 - Saída 21;Carro
Cruzamento da SE-20 com a SE-30;SE-30 - Saída 21;Ronda Urbana Norte de Sevilha;Cruzamento da SE-20 com a SE-30;SE-30 - Saída 21;Carro
Cruzamento da SE-20 com a SE-30;Cruzamento da A-66 com a SE-30;A-66 - Mérida;Cruzamento da A-66 com a SE-30;Cruzamento da SE-20 com a SE-30;Carro
Cruzamento da SE-20 com a SE-30;Cruzamento da A-66 com a SE-30;A-49 - Huelva;Cruzamento da A-66 com a SE-30;Cruzamento da SE-20 com a SE-30;Carro
Cruzamento da SE-20 com a SE-30;Cruzamento da A-66 com a SE-30;A-4 - Cádiz;Cruzamento da A-66 com a SE-30;Cruzamento da SE-20 com a SE-30;Carro
Cruzamento da SE-20 com a SE-30;SE-20 - Estádio de La Cartuja;Estádio de La Cartuja;Cruzamento da SE-20 com a SE-30;SE-20 - Estádio de La Cartuja;Carro
Cruzamento da SE-20 com a SE-30;SE-20 - Estádio de La Cartuja;Aeroporto de Sevilha - San Pablo;Cruzamento da SE-20 com a SE-30;SE-20 - Estádio de La Cartuja;Carro
Cruzamento da SE-20 com a SE-30;SE-20 - Estádio de La Cartuja;A-4 - Córdoba;Cruzamento da SE-20 com a SE-30;SE-20 - Estádio de La Cartuja;Carro
Culatra;Ilha da Armona;Vila Nova de Cacela;Culatra;Ilha da Armona;Barco
Culatra;Ilha da Armona;Fuseta;Culatra;Ilha da Armona;Barco
Culatra;Hangares;Faro;Culatra;Hangares;Barco
Culatra;Olhão;Olhão;Culatra;Olhão;Barco
Estação de Almancil;Estação de Parque das Cidades;Vila Real de Santo António;Estação de Almancil;Estação de Parque das Cidades;Comboio
Estação de Almancil;Estação de Parque das Cidades;Faro;Estação de Almancil;Estação de Parque das Cidades;Comboio
Estação de Almancil;Estação de Loulé;Lagos;Estação de Almancil;Estação de Loulé;Comboio
Estação de Almancil;Estação de Loulé;Tunes;Estação de Almancil;Estação de Loulé;Comboio
Estação de Boliqueime;Estação de Loulé;Vila Real de Santo António;Estação de Boliqueime;Estação de Loulé;Comboio
Estação de Boliqueime;Estação de Loulé;Faro;Estação de Boliqueime;Estação de Loulé;Comboio
Estação de Bom João;Olhão;Vila Real de Santo António;Estação de Bom João;Olhão;Comboio
Estação de Bom João;Estação de Faro;Lagos;Estação de Bom João;Estação de Faro;Comboio
Estação de Bom João;Estação de Faro;Tunes;Estação de Bom João;Estação de Faro;Comboio
Estação de Cacela;Estação de Castro Marim;Vila Real de Santo António;Estação de Cacela;Estação de Castro Marim;Comboio
Estação de Cacela;Conceição, Tavira;Lagos;Conceição, Tavira;Estação de Cacela;Comboio
Estação de Cacela;Conceição, Tavira;Faro;Conceição, Tavira;Estação de Cacela;Comboio
Estação de Castro Marim;Estação de Monte Gordo;Vila Real de Santo António;Estação de Castro Marim;Estação de Monte Gordo;Comboio
Estação de Castro Marim;Estação de Cacela;Lagos;Estação de Cacela;Estação de Castro Marim;Comboio
Estação de Castro Marim;Estação de Cacela;Faro;Estação de Cacela;Estação de Castro Marim;Comboio
Estação de Faro;Estação de Bom João;Vila Real de Santo António;Estação de Bom João;Estação de Faro;Comboio
Estação de Faro;Estação de Parque das Cidades;Lagos;Estação de Faro;Estação de Parque das Cidades;Comboio
Estação de Faro;Estação de Parque das Cidades;Tunes;Estação de Faro;Estação de Parque das Cidades;Comboio
Estação de Faro;Estação de Loulé;Lisboa - Oriente;Estação de Faro;Estação de Loulé;Comboio
Estação de Faro;Estação de Loulé;Tunes;Estação de Faro;Estação de Loulé;Comboio
Estação de Fuseta-A;Estação de Fuseta-Moncarapacho;Vila Real de Santo António;Estação de Fuseta-A;Estação de Fuseta-Moncarapacho;Comboio
Estação de Fuseta-A;Olhão;Lagos;Estação de Fuseta-A;Olhão;Comboio
Estação de Fuseta-A;Olhão;Faro;Estação de Fuseta-A;Olhão;Comboio
Estação de Fuseta-Moncarapacho;Livramento;Vila Real de Santo António;Estação de Fuseta-Moncarapacho;Livramento;Comboio
Estação de Fuseta-Moncarapacho;Estação de Fuseta-A;Lagos;Estação de Fuseta-A;Estação de Fuseta-Moncarapacho;Comboio
Estação de Fuseta-Moncarapacho;Estação de Fuseta-A;Faro;Estação de Fuseta-A;Estação de Fuseta-Moncarapacho;Comboio
Estação de Loulé;Estação de Almancil;Vila Real de Santo António;Estação de Almancil;Estação de Loulé;Comboio
Estação de Loulé;Estação de Almancil;Faro;Estação de Almancil;Estação de Loulé;Comboio
Estação de Loulé;Estação de Boliqueime;Lagos;Estação de Boliqueime;Estação de Loulé;Comboio
Estação de Loulé;Estação de Boliqueime;Tunes;Estação de Boliqueime;Estação de Loulé;Comboio
Estação de Loulé;Estação de Faro;Faro;Estação de Faro;Estação de Loulé;Comboio
Estação da Luz;Estação de Tavira;Vila Real de Santo António;Estação da Luz;Estação de Tavira;Comboio
Estação da Luz;Livramento;Lagos;Estação da Luz;Livramento;Comboio
Estação da Luz;Livramento;Faro;Estação da Luz;Livramento;Comboio
Estação de Monte Gordo;Vila Real de Santo António;Vila Real de Santo António;Estação de Monte Gordo;Vila Real de Santo António;Comboio
Estação de Monte Gordo;Estação de Castro Marim;Lagos;Estação de Castro Marim;Estação de Monte Gordo;Comboio
Estação de Monte Gordo;Estação de Castro Marim;Faro;Estação de Castro Marim;Estação de Monte Gordo;Comboio
Estação de Parque das Cidades;Estação de Faro;Vila Real de Santo António;Estação de Faro;Estação de Parque das Cidades;Comboio
Estação de Parque das Cidades;Estação de Almancil;Lagos;Estação de Almancil;Estação de Parque das Cidades;Comboio
Estação de Parque das Cidades;Estação de Almancil;Tunes;Estação de Almancil;Estação de Parque das Cidades;Comboio
Estação da Porta Nova;Conceição, Tavira;Vila Real de Santo António;Conceição, Tavira;Estação da Porta Nova;Comboio
Estação da Porta Nova;Estação de Tavira;Lagos;Estação da Porta Nova;Estação de Tavira;Comboio
Estação da Porta Nova;Estação de Tavira;Faro;Estação da Porta Nova;Estação de Tavira;Comboio
Estação de Tavira;Estação da Porta Nova;Vila Real de Santo António;Estação da Porta Nova;Estação de Tavira;Comboio
Estação de Tavira;Estação da Luz;Lagos;Estação da Luz;Estação de Tavira;Comboio
Estação de Tavira;Estação da Luz;Faro;Estação da Luz;Estação de Tavira;Comboio
Faro - Avenida Calouste Gulbenkian;Variante de Faro - Nó com a N2;São Brás de Alportel;Faro - Avenida Calouste Gulbenkian;Variante de Faro - Nó com a N2;Carro
Faro - Avenida Calouste Gulbenkian;Variante de Faro - Nó com a N2;Estoi;Faro - Avenida Calouste Gulbenkian;Variante de Faro - Nó com a N2;Carro
Faro - São Pedro;Porto de Faro;Vila Nova de Cacela;Faro - São Pedro;Porto de Faro;Barco
Faro - São Pedro;Porto de Faro;Olhão;Faro - São Pedro;Porto de Faro;Barco
Faro - São Pedro;Praia de Faro;Praia de Faro;Faro - São Pedro;Praia de Faro;Barco
Foz de Odeleite;Bar do Rio;Mértola;Bar do Rio;Foz de Odeleite;Barco
Foz de Odeleite;Bar do Rio;Alcoutim;Bar do Rio;Foz de Odeleite;Barco
Foz de Odeleite;Almada de Ouro;Vila Real de Santo António;Almada de Ouro;Foz de Odeleite;Barco
Foz de Odeleite;Almada de Ouro;Ayamonte;Almada de Ouro;Foz de Odeleite;Barco
Fuseta;Praia do Barril;Vila Nova de Cacela;Fuseta;Praia do Barril;Barco
Fuseta;Praia do Barril;Tavira;Fuseta;Praia do Barril;Barco
Fuseta;Ilha da Armona;Faro;Fuseta;Ilha da Armona;Barco
Fuseta;Ilha da Armona;Olhão;Fuseta;Ilha da Armona;Barco
Fuseta;Praia da Fuseta;Praia da Fuseta;Fuseta;Praia da Fuseta;Barco
H-31 - Saída 80;Cruzamento da A-49 com a H-31;Sevilha;Cruzamento da A-49 com a H-31;H-31 - Saída 80;Carro
H-31 - Saída 80;Cruzamento da H-30 com a H-31;Huelva;Cruzamento da H-30 com a H-31;H-31 - Saída 80;Carro
Hangares;Culatra;Vila Nova de Cacela;Culatra;Hangares;Barco
Hangares;Culatra;Olhão;Culatra;Hangares;Barco
Hangares;Ilha do Farol;Faro;Hangares;Ilha do Farol;Barco
IC27 - Fim;Cruzamento da N122 com a M507;Beja;Cruzamento da N122 com a M507;IC27 - Fim;Carro
IC27 - Fim;Cruzamento da N122 com a M507;Mértola;Cruzamento da N122 com a M507;IC27 - Fim;Carro
IC27 - Fim;IC27 - Saída 7;Vila Real de Santo António;IC27 - Fim;IC27 - Saída 7;Carro
IC27 - Fim;IC27 - Saída 7;Castro Marim;IC27 - Fim;IC27 - Saída 7;Carro
IC27 - Início;IC27 - Saída 1;Beja;IC27 - Início;IC27 - Saída 1;Carro
IC27 - Início;IC27 - Saída 1;Mértola;IC27 - Início;IC27 - Saída 1;Carro
IC27 - Início;A22 - Saída 18;Vila Real de Santo António;A22 - Saída 18;IC27 - Início;Carro
IC27 - Início;A22 - Saída 18;Castro Marim;A22 - Saída 18;IC27 - Início;Carro
IC27 - Saída 1;IC27 - Saída 2;Beja;IC27 - Saída 1;IC27 - Saída 2;Carro
IC27 - Saída 1;IC27 - Saída 2;Mértola;IC27 - Saída 1;IC27 - Saída 2;Carro
IC27 - Saída 1;IC27 - Início;Vila Real de Santo António;IC27 - Início;IC27 - Saída 1;Carro
IC27 - Saída 1;IC27 - Início;Castro Marim;IC27 - Início;IC27 - Saída 1;Carro
IC27 - Saída 2;IC27 - Saída 3;Beja;IC27 - Saída 2;IC27 - Saída 3;Carro
IC27 - Saída 2;IC27 - Saída 3;Mértola;IC27 - Saída 2;IC27 - Saída 3;Carro
IC27 - Saída 2;IC27 - Saída 1;Vila Real de Santo António;IC27 - Saída 1;IC27 - Saída 2;Carro
IC27 - Saída 2;IC27 - Saída 1;Castro Marim;IC27 - Saída 1;IC27 - Saída 2;Carro
IC27 - Saída 3;IC27 - Saída 4;Beja;IC27 - Saída 3;IC27 - Saída 4;Carro
IC27 - Saída 3;IC27 - Saída 4;Mértola;IC27 - Saída 3;IC27 - Saída 4;Carro
IC27 - Saída 3;IC27 - Saída 2;Vila Real de Santo António;IC27 - Saída 2;IC27 - Saída 3;Carro
IC27 - Saída 3;IC27 - Saída 2;Castro Marim;IC27 - Saída 2;IC27 - Saída 3;Carro
IC27 - Saída 4;IC27 - Saída 5;Beja;IC27 - Saída 4;IC27 - Saída 5;Carro
IC27 - Saída 4;IC27 - Saída 5;Mértola;IC27 - Saída 4;IC27 - Saída 5;Carro
IC27 - Saída 4;IC27 - Saída 3;Vila Real de Santo António;IC27 - Saída 3;IC27 - Saída 4;Carro
IC27 - Saída 4;IC27 - Saída 3;Castro Marim;IC27 - Saída 3;IC27 - Saída 4;Carro
IC27 - Saída 5;IC27 - Saída 6;Beja;IC27 - Saída 5;IC27 - Saída 6;Carro
IC27 - Saída 5;IC27 - Saída 6;Mértola;IC27 - Saída 5;IC27 - Saída 6;Carro
IC27 - Saída 5;IC27 - Saída 4;Vila Real de Santo António;IC27 - Saída 4;IC27 - Saída 5;Carro
IC27 - Saída 5;IC27 - Saída 4;Castro Marim;IC27 - Saída 4;IC27 - Saída 5;Carro
IC27 - Saída 6;IC27 - Saída 7;Beja;IC27 - Saída 6;IC27 - Saída 7;Carro
IC27 - Saída 6;IC27 - Saída 7;Mértola;IC27 - Saída 6;IC27 - Saída 7;Carro
IC27 - Saída 6;IC27 - Saída 5;Vila Real de Santo António;IC27 - Saída 5;IC27 - Saída 6;Carro
IC27 - Saída 6;IC27 - Saída 5;Castro Marim;IC27 - Saída 5;IC27 - Saída 6;Carro
IC27 - Saída 7;IC27 - Fim;Beja;IC27 - Fim;IC27 - Saída 7;Carro
IC27 - Saída 7;IC27 - Fim;Mértola;IC27 - Fim;IC27 - Saída 7;Carro
IC27 - Saída 7;IC27 - Saída 6;Vila Real de Santo António;IC27 - Saída 6;IC27 - Saída 7;Carro
IC27 - Saída 7;IC27 - Saída 6;Castro Marim;IC27 - Saída 6;IC27 - Saída 7;Carro
Ilha da Armona;Fuseta;Vila Nova de Cacela;Fuseta;Ilha da Armona;Barco
Ilha da Armona;Fuseta;Fuseta;Fuseta;Ilha da Armona;Barco
Ilha da Armona;Culatra;Faro;Culatra;Ilha da Armona;Barco
Ilha da Armona;Olhão;Olhão;Ilha da Armona;Olhão;Barco
Ilha do Farol;Hangares;Vila Nova de Cacela;Hangares;Ilha do Farol;Barco
Ilha do Farol;Hangares;Olhão;Hangares;Ilha do Farol;Barco
Ilha do Farol;Porto de Faro;Faro;Ilha do Farol;Porto de Faro;Barco
Ilha do Farol;Praia da Barreta;Cabo de Santa Maria;Ilha do Farol;Praia da Barreta;Barco
IP2 - Saída 44;Beja;Beja;Beja;IP2 - Saída 44;Carro
IP2 - Saída 44;Beja;Santa Clara de Louredo;Beja;IP2 - Saída 44;Carro
Isla Cristina;Punta del Moral;Ayamonte;Isla Cristina;Punta del Moral;Barco
Isla Cristina;Punta del Moral;Portugal;Isla Cristina;Punta del Moral;Barco
Laranjeiras;Alcoutim;Mértola;Alcoutim;Laranjeiras;Barco
Laranjeiras;Alcoutim;Sanlúcar de Guadiana;Alcoutim;Laranjeiras;Barco
Laranjeiras;Alcoutim;Alcoutim;Alcoutim;Laranjeiras;Barco
Laranjeiras;Bar do Rio;Vila Real de Santo António;Bar do Rio;Laranjeiras;Barco
Laranjeiras;Bar do Rio;Ayamonte;Bar do Rio;Laranjeiras;Barco
Livramento;Estação da Luz;Vila Real de Santo António;Estação da Luz;Livramento;Comboio
Livramento;Estação de Fuseta-Moncarapacho;Lagos;Estação de Fuseta-Moncarapacho;Livramento;Comboio
Livramento;Estação de Fuseta-Moncarapacho;Faro;Estação de Fuseta-Moncarapacho;Livramento;Comboio
Mar Shopping Algarve;A22 - Saída 13;Faro;A22 - Saída 13;Mar Shopping Algarve;Carro
Mar Shopping Algarve;A22 - Saída 13;Aeroporto de Faro;A22 - Saída 13;Mar Shopping Algarve;Carro
Mar Shopping Algarve;A22 - Saída 13;A22 - Portimão/ESPANHA;A22 - Saída 13;Mar Shopping Algarve;Carro
Mar Shopping Algarve;A22 - Saída 13;Estádio Algarve;A22 - Saída 13;Mar Shopping Algarve;Carro
Mar Shopping Algarve;Cruzamento da N125-4 com a M521;Loulé;Cruzamento da N125-4 com a M521;Mar Shopping Algarve;Carro
Mértola;Penha da Águia;Vila Real de Santo António;Mértola;Penha da Águia;Barco
Mértola;Penha da Águia;Pomarão;Mértola;Penha da Águia;Barco
Miradouro do Caldeirão;Barranco do Velho;Faro;Barranco do Velho;Miradouro do Caldeirão;Carro
Miradouro do Caldeirão;Barranco do Velho;São Brás de Alportel;Barranco do Velho;Miradouro do Caldeirão;Carro
Miradouro do Caldeirão;Barranco do Velho;Loulé;Barranco do Velho;Miradouro do Caldeirão;Carro
Miradouro do Caldeirão;Ameixal;Ameixal;Ameixal;Miradouro do Caldeirão;Carro
Miradouro do Caldeirão;Ameixal;Beja;Ameixal;Miradouro do Caldeirão;Carro
Miradouro do Caldeirão;Ameixal;Lisboa;Ameixal;Miradouro do Caldeirão;Carro
Olhão;Estação de Fuseta-A;Vila Real de Santo António;Estação de Fuseta-A;Olhão;Comboio
Olhão;Estação de Bom João;Lagos;Estação de Bom João;Olhão;Comboio
Olhão;Estação de Bom João;Faro;Estação de Bom João;Olhão;Comboio
Olhão;Ilha da Armona;Vila Nova de Cacela;Ilha da Armona;Olhão;Barco
Olhão;Ilha da Armona;Fuseta;Ilha da Armona;Olhão;Barco
Olhão;Culatra;Faro;Culatra;Olhão;Barco
Penha da Águia;Mértola;Mértola;Mértola;Penha da Águia;Barco
Penha da Águia;Cais da Mesquita;Vila Real de Santo António;Cais da Mesquita;Penha da Águia;Barco
Penha da Águia;Cais da Mesquita;Pomarão;Cais da Mesquita;Penha da Águia;Barco
Pomarão;Cais da Mesquita;Mértola;Cais da Mesquita;Pomarão;Barco
Pomarão;Puerto de la Laja;Vila Real de Santo António;Pomarão;Puerto de la Laja;Barco
Pomarão;Puerto de la Laja;Sanlúcar de Guadiana;Pomarão;Puerto de la Laja;Barco
Ponte do Centenário;SE-30 - Saída 12;Porto de Sevilha Oeste;Ponte do Centenário;SE-30 - Saída 12;Carro
Ponte do Centenário;SE-30 - Saída 12;A-49 - Huelva;Ponte do Centenário;SE-30 - Saída 12;Carro
Ponte do Centenário;SE-30 - Saída 12;A-66 - Mérida;Ponte do Centenário;SE-30 - Saída 12;Carro
Ponte do Centenário;Cruzamento da A-4 Sul com a SE-30;Porto de Sevilha Este;Cruzamento da A-4 Sul com a SE-30;Ponte do Centenário;Carro
Ponte do Centenário;Cruzamento da A-4 Sul com a SE-30;A-4 - Cádiz/Córdoba/Aeroporto de Sevilha - San Pablo;Cruzamento da A-4 Sul com a SE-30;Ponte do Centenário;Carro
Ponte do Centenário;Cruzamento da A-4 Sul com a SE-30;A-92 - Granada/Málaga;Cruzamento da A-4 Sul com a SE-30;Ponte do Centenário;Carro
Ponte de Alamillo;Ronda Urbana Norte de Sevilha - Glorieta Olímpica;A-4 - Córdoba;Ponte de Alamillo;Ronda Urbana Norte de Sevilha - Glorieta Olímpica;Carro
Ponte de Alamillo;Ronda Urbana Norte de Sevilha - Glorieta Olímpica;A-92 - Antequera;Ponte de Alamillo;Ronda Urbana Norte de Sevilha - Glorieta Olímpica;Carro
Ponte de Alamillo;SE-30 - Saída 21;A-66 - Mérida;Ponte de Alamillo;SE-30 - Saída 21;Carro
Ponte de Alamillo;SE-30 - Saída 21;Isla Mágica;Ponte de Alamillo;SE-30 - Saída 21;Carro
Ponte Internacional do Guadiana;Área de Repouso de Castro Marim;Lisboa;Ponte Internacional do Guadiana;Área de Repouso de Castro Marim;Carro
Ponte Internacional do Guadiana;Área de Repouso de Castro Marim;Faro;Ponte Internacional do Guadiana;Área de Repouso de Castro Marim;Carro
Ponte Internacional do Guadiana;A-49 - Saída 131;Ayamonte;A-49 - Saída 131;Ponte Internacional do Guadiana;Carro
Ponte Internacional do Guadiana;A-49 - Saída 131;Huelva;A-49 - Saída 131;Ponte Internacional do Guadiana;Carro
Porto de Faro;Ilha do Farol;Vila Nova de Cacela;Ilha do Farol;Porto de Faro;Barco
Porto de Faro;Ilha do Farol;Olhão;Ilha do Farol;Porto de Faro;Barco
Porto de Faro;Faro - São Pedro;Faro;Faro - São Pedro;Porto de Faro;Barco
Praia de Cabanas de Tavira;Praia da Cacela Velha;Vila Nova de Cacela;Praia da Cacela Velha;Praia de Cabanas de Tavira;Barco
Praia de Cabanas de Tavira;Praia da Ilha de Tavira;Faro;Praia da Ilha de Tavira;Praia de Cabanas de Tavira;Barco
Praia de Cabanas de Tavira;Praia da Ilha de Tavira;Tavira;Praia da Ilha de Tavira;Praia de Cabanas de Tavira;Barco
Praia de Cabanas de Tavira;Cabanas de Tavira;Tavira;Cabanas de Tavira;Praia de Cabanas de Tavira;Barco
Praia de Cabanas de Tavira;Cabanas de Tavira;Cabanas de Tavira;Cabanas de Tavira;Praia de Cabanas de Tavira;Barco
Praia da Cacela Velha;Sítio da Fábrica;Vila Nova de Cacela;Praia da Cacela Velha;Sítio da Fábrica;Barco
Praia da Cacela Velha;Praia de Cabanas de Tavira;Faro;Praia da Cacela Velha;Praia de Cabanas de Tavira;Barco
Praia da Cacela Velha;Praia de Cabanas de Tavira;Tavira;Praia da Cacela Velha;Praia de Cabanas de Tavira;Barco
Praia da Barreta;Ilha do Farol;Faro;Ilha do Farol;Praia da Barreta;Barco
Praia da Barreta;Ilha do Farol;Vila Nova de Cacela;Ilha do Farol;Praia da Barreta;Barco
Praia da Barreta;Cabo de Santa Maria;Cabo de Santa Maria;Cabo de Santa Maria;Praia da Barreta;Barco
Praia da Fuseta;Fuseta;Faro;Fuseta;Praia da Fuseta;Barco
Praia da Fuseta;Fuseta;Fuseta;Fuseta;Praia da Fuseta;Barco
Praia da Fuseta;Fuseta;Vila Nova de Cacela;Fuseta;Praia da Fuseta;Barco
Praia de Faro;Faro - São Pedro;Vila Nova de Cacela;Faro - São Pedro;Praia de Faro;Barco
Praia de Faro;Faro - São Pedro;Faro;Faro - São Pedro;Praia de Faro;Barco
Praia do Barril;Praia da Ilha de Tavira;Vila Nova de Cacela;Praia da Ilha de Tavira;Praia do Barril;Barco
Praia do Barril;Praia da Ilha de Tavira;Tavira;Praia da Ilha de Tavira;Praia do Barril;Barco
Praia do Barril;Fuseta;Faro;Fuseta;Praia do Barril;Barco
Praia do Barril;Fuseta;Fuseta;Fuseta;Praia do Barril;Barco
Praia do Barril;Cais da Praia do Barril;Tavira;Cais da Praia do Barril;Praia do Barril;Comboio
Praia da Ilha de Tavira;Praia de Cabanas de Tavira;Vila Nova de Cacela;Praia da Ilha de Tavira;Praia de Cabanas de Tavira;Barco
Praia da Ilha de Tavira;Praia do Barril;Faro;Praia da Ilha de Tavira;Praia do Barril;Barco
Praia da Ilha de Tavira;Praia do Barril;Fuseta;Praia da Ilha de Tavira;Praia do Barril;Barco
Praia da Ilha de Tavira;Quatro Águas;Tavira;Praia da Ilha de Tavira;Quatro Águas;Barco
Puerto de la Laja;Pomarão;Mértola;Pomarão;Puerto de la Laja;Barco
Puerto de la Laja;Pomarão;Pomarão;Pomarão;Puerto de la Laja;Barco
Puerto de la Laja;Sanlúcar de Guadiana;Vila Real de Santo António;Puerto de la Laja;Sanlúcar de Guadiana;Barco
Puerto de la Laja;Sanlúcar de Guadiana;Alcoutim;Puerto de la Laja;Sanlúcar de Guadiana;Barco
Puerto de la Laja;Sanlúcar de Guadiana;Sanlúcar de Guadiana;Puerto de la Laja;Sanlúcar de Guadiana;Barco
Punta del Moral;Isla Cristina;Huelva;Isla Cristina;Punta del Moral;Barco
Punta del Moral;Isla Cristina;Sevilha;Isla Cristina;Punta del Moral;Barco
Quatro Águas;Praia da Ilha de Tavira;Faro;Praia da Ilha de Tavira;Quatro Águas;Barco
Quatro Águas;Praia da Ilha de Tavira;Vila Nova de Cacela;Praia da Ilha de Tavira;Quatro Águas;Barco
Quatro Águas;Santa Luzia;Praia do Barril;Quatro Águas;Santa Luzia;Barco
Quatro Águas;Tavira - Norte;Tavira;Quatro Águas;Tavira - Norte;Barco
Ronda Urbana Norte de Sevilha - Glorieta Berrocal;Ronda Urbana Norte de Sevilha - Centro Deportivo Los Mares;A-4 - Córdoba;Ronda Urbana Norte de Sevilha - Centro Deportivo Los Mares;Ronda Urbana Norte de Sevilha - Glorieta Berrocal;Carro
Ronda Urbana Norte de Sevilha - Glorieta Berrocal;Ronda Urbana Norte de Sevilha - Glorieta de San Lázaro;A-66 - Mérida;Ronda Urbana Norte de Sevilha - Glorieta Berrocal;Ronda Urbana Norte de Sevilha - Glorieta de San Lázaro;Carro
Ronda Urbana Norte de Sevilha - Glorieta Olímpica;Ronda Urbana Norte de Sevilha - Glorieta de San Lázaro;A-92 - Málaga;Ronda Urbana Norte de Sevilha - Glorieta Olímpica;Ronda Urbana Norte de Sevilha - Glorieta de San Lázaro;Carro
Ronda Urbana Norte de Sevilha - Glorieta Olímpica;Ronda Urbana Norte de Sevilha - Glorieta de San Lázaro;A-4 - Córdoba;Ronda Urbana Norte de Sevilha - Glorieta Olímpica;Ronda Urbana Norte de Sevilha - Glorieta de San Lázaro;Carro
Ronda Urbana Norte de Sevilha - Glorieta Olímpica;Ponte de Alamillo;A-66 - Mérida;Ponte de Alamillo;Ronda Urbana Norte de Sevilha - Glorieta Olímpica;Carro
Ronda Urbana Norte de Sevilha - Glorieta Olímpica;Ponte de Alamillo;Isla Mágica;Ponte de Alamillo;Ronda Urbana Norte de Sevilha - Glorieta Olímpica;Carro
Ronda Urbana Norte de Sevilha - Glorieta de San Lázaro;Ronda Urbana Norte de Sevilha - Glorieta Berrocal;A-92 - Málaga;Ronda Urbana Norte de Sevilha - Glorieta Berrocal;Ronda Urbana Norte de Sevilha - Glorieta de San Lázaro;Carro
Ronda Urbana Norte de Sevilha - Glorieta de San Lázaro;Ronda Urbana Norte de Sevilha - Glorieta Berrocal;A-4 - Córdoba;Ronda Urbana Norte de Sevilha - Glorieta Berrocal;Ronda Urbana Norte de Sevilha - Glorieta de San Lázaro;Carro
Ronda Urbana Norte de Sevilha - Glorieta de San Lázaro;Ronda Urbana Norte de Sevilha - Glorieta Olímpica;A-49 - Huelva;Ronda Urbana Norte de Sevilha - Glorieta Olímpica;Ronda Urbana Norte de Sevilha - Glorieta de San Lázaro;Carro
Ronda Urbana Norte de Sevilha - Glorieta de San Lázaro;Ronda Urbana Norte de Sevilha - Glorieta Olímpica;N-630 - Mérida;Ronda Urbana Norte de Sevilha - Glorieta Olímpica;Ronda Urbana Norte de Sevilha - Glorieta de San Lázaro;Carro
Ronda Urbana Norte de Sevilha - Glorieta de San Lázaro;Ronda Urbana Norte de Sevilha - Glorieta Olímpica;Sevilha - Centro da cidade;Ronda Urbana Norte de Sevilha - Glorieta Olímpica;Ronda Urbana Norte de Sevilha - Glorieta de San Lázaro;Carro
Ronda Urbana Norte de Sevilha - Centro Deportivo Los Mares;Ronda Urbana Norte de Sevilha - Pino Montano;A-4 - Córdoba;Ronda Urbana Norte de Sevilha - Centro Deportivo Los Mares;Ronda Urbana Norte de Sevilha - Pino Montano;Carro
Ronda Urbana Norte de Sevilha - Centro Deportivo Los Mares;Ronda Urbana Norte de Sevilha - Glorieta Berrocal;Estação de Sevilha - Santa Justa;Ronda Urbana Norte de Sevilha - Centro Deportivo Los Mares;Ronda Urbana Norte de Sevilha - Glorieta Berrocal;Carro
Ronda Urbana Norte de Sevilha - Centro Deportivo Los Mares;Ronda Urbana Norte de Sevilha - Glorieta Berrocal;Sevilha - Palacio de los Deportes;Ronda Urbana Norte de Sevilha - Centro Deportivo Los Mares;Ronda Urbana Norte de Sevilha - Glorieta Berrocal;Carro
Ronda Urbana Norte de Sevilha - Centro Deportivo Los Mares;Ronda Urbana Norte de Sevilha - Glorieta Berrocal;Isla Mágica;Ronda Urbana Norte de Sevilha - Centro Deportivo Los Mares;Ronda Urbana Norte de Sevilha - Glorieta Berrocal;Carro
Ronda Urbana Norte de Sevilha - Pino Montano;Ronda Urbana Norte de Sevilha - Poligono Store;A-92 - Málaga;Ronda Urbana Norte de Sevilha - Pino Montano;Ronda Urbana Norte de Sevilha - Poligono Store;Carro
Ronda Urbana Norte de Sevilha - Pino Montano;Ronda Urbana Norte de Sevilha - Centro Deportivo Los Mares;Estação de Sevilha - Santa Justa;Ronda Urbana Norte de Sevilha - Centro Deportivo Los Mares;Ronda Urbana Norte de Sevilha - Pino Montano;Carro
Ronda Urbana Norte de Sevilha - Pino Montano;Ronda Urbana Norte de Sevilha - Centro Deportivo Los Mares;Sevilha - Palacio de los Deportes;Ronda Urbana Norte de Sevilha - Centro Deportivo Los Mares;Ronda Urbana Norte de Sevilha - Pino Montano;Carro
Ronda Urbana Norte de Sevilha - Pino Montano;Ronda Urbana Norte de Sevilha - Centro Deportivo Los Mares;Isla Mágica;Ronda Urbana Norte de Sevilha - Centro Deportivo Los Mares;Ronda Urbana Norte de Sevilha - Pino Montano;Carro
Ronda Urbana Norte de Sevilha - Poligono Calonge;Cruzamento da A-4 Norte com a SE-30;A-92 - Granada;Cruzamento da A-4 Norte com a SE-30;Ronda Urbana Norte de Sevilha - Poligono Calonge;Carro
Ronda Urbana Norte de Sevilha - Poligono Calonge;Cruzamento da A-4 Norte com a SE-30;A-4 - Cádiz;Cruzamento da A-4 Norte com a SE-30;Ronda Urbana Norte de Sevilha - Poligono Calonge;Carro
Ronda Urbana Norte de Sevilha - Poligono Calonge;Cruzamento da A-4 Norte com a SE-30;Porto de Sevilha;Cruzamento da A-4 Norte com a SE-30;Ronda Urbana Norte de Sevilha - Poligono Calonge;Carro
Ronda Urbana Norte de Sevilha - Poligono Calonge;Cruzamento da A-4 Norte com a SE-30;A-49 - Huelva;Cruzamento da A-4 Norte com a SE-30;Ronda Urbana Norte de Sevilha - Poligono Calonge;Carro
Ronda Urbana Norte de Sevilha - Poligono Calonge;Ronda Urbana Norte de Sevilha - Poligono Store;Sevilha - Centro da cidade;Ronda Urbana Norte de Sevilha - Poligono Calonge;Ronda Urbana Norte de Sevilha - Poligono Store;Carro
Ronda Urbana Norte de Sevilha - Poligono Calonge;Ronda Urbana Norte de Sevilha - Poligono Store;A-66 - Mérida;Ronda Urbana Norte de Sevilha - Poligono Calonge;Ronda Urbana Norte de Sevilha - Poligono Store;Carro
Ronda Urbana Norte de Sevilha - Poligono Store;Ronda Urbana Norte de Sevilha - Poligono Calonge;A-92 - Granada;Ronda Urbana Norte de Sevilha - Poligono Calonge;Ronda Urbana Norte de Sevilha - Poligono Store;Carro
Ronda Urbana Norte de Sevilha - Poligono Store;Ronda Urbana Norte de Sevilha - Poligono Calonge;A-4 - Cádiz;Ronda Urbana Norte de Sevilha - Poligono Calonge;Ronda Urbana Norte de Sevilha - Poligono Store;Carro
Ronda Urbana Norte de Sevilha - Poligono Store;Ronda Urbana Norte de Sevilha - Poligono Calonge;Porto de Sevilha;Ronda Urbana Norte de Sevilha - Poligono Calonge;Ronda Urbana Norte de Sevilha - Poligono Store;Carro
Ronda Urbana Norte de Sevilha - Poligono Store;Ronda Urbana Norte de Sevilha - Poligono Calonge;A-49 - Huelva;Ronda Urbana Norte de Sevilha - Poligono Calonge;Ronda Urbana Norte de Sevilha - Poligono Store;Carro
Ronda Urbana Norte de Sevilha - Poligono Store;Ronda Urbana Norte de Sevilha - Pino Montano;Sevilha - Centro da cidade;Ronda Urbana Norte de Sevilha - Pino Montano;Ronda Urbana Norte de Sevilha - Poligono Store;Carro
Ronda Urbana Norte de Sevilha - Poligono Store;Ronda Urbana Norte de Sevilha - Pino Montano;A-66 - Mérida;Ronda Urbana Norte de Sevilha - Pino Montano;Ronda Urbana Norte de Sevilha - Poligono Store;Carro
Ruínas Romanas de Milreu;A22 - Saída 14;Faro;A22 - Saída 14;Ruínas Romanas de Milreu;Carro
Ruínas Romanas de Milreu;São Brás de Alportel;São Brás de Alportel;Ruínas Romanas de Milreu;São Brás de Alportel;Carro
Sanlúcar de Guadiana;Puerto de la Laja;Mértola;Puerto de la Laja;Sanlúcar de Guadiana;Barco
Sanlúcar de Guadiana;Puerto de la Laja;Pomarão;Puerto de la Laja;Sanlúcar de Guadiana;Barco
Sanlúcar de Guadiana;Alcoutim;Vila Real de Santo António;Alcoutim;Sanlúcar de Guadiana;Barco
Sanlúcar de Guadiana;Alcoutim;Ayamonte;Alcoutim;Sanlúcar de Guadiana;Barco
Sanlúcar de Guadiana;Alcoutim;Alcoutim;Alcoutim;Sanlúcar de Guadiana;Barco
Santa Luzia;Quatro Águas;Faro;Quatro Águas;Santa Luzia;Barco
Santa Luzia;Quatro Águas;Tavira;Quatro Águas;Santa Luzia;Barco
Santa Luzia;Quatro Águas;Vila Nova de Cacela;Quatro Águas;Santa Luzia;Barco
Santa Luzia;Cais da Praia do Barril;Praia do Barril;Cais da Praia do Barril;Santa Luzia;Barco
São Brás de Alportel;Ruínas Romanas de Milreu;Faro;Ruínas Romanas de Milreu;São Brás de Alportel;Carro
São Brás de Alportel;Ruínas Romanas de Milreu;Estoi;Ruínas Romanas de Milreu;São Brás de Alportel;Carro
São Brás de Alportel;Ruínas Romanas de Milreu;A22 - ESPANHA/Lisboa;Ruínas Romanas de Milreu;São Brás de Alportel;Carro
São Brás de Alportel;Barranco do Velho;Almodôvar;Barranco do Velho;São Brás de Alportel;Carro
SE-20 - Estádio de La Cartuja;Cruzamento da SE-20 com a SE-30;Sevilha - Isla de la Cartuja;Cruzamento da SE-20 com a SE-30;SE-20 - Estádio de La Cartuja;Carro
SE-20 - Estádio de La Cartuja;Cruzamento da SE-20 com a SE-30;Isla Mágica;Cruzamento da SE-20 com a SE-30;SE-20 - Estádio de La Cartuja;Carro
SE-20 - Estádio de La Cartuja;SE-20 - Parque de Alamillo;Sevilha - Estacionamento do Estádio de La Cartuja;SE-20 - Estádio de La Cartuja;SE-20 - Parque de Alamillo;Carro
SE-20 - Estádio de La Cartuja;SE-20 - Parque de Alamillo;Aeroporto de Sevilha - San Pablo;SE-20 - Estádio de La Cartuja;SE-20 - Parque de Alamillo;Carro
SE-20 - Estádio de La Cartuja;SE-20 - Parque de Alamillo;A-4 - Córdoba;SE-20 - Estádio de La Cartuja;SE-20 - Parque de Alamillo;Carro
SE-20 - Parque de Alamillo;SE-20 - Estádio de La Cartuja;Sevilha - Isla de la Cartuja;SE-20 - Estádio de La Cartuja;SE-20 - Parque de Alamillo;Carro
SE-20 - Parque de Alamillo;SE-20 - Estádio de La Cartuja;Estádio de La Cartuja;SE-20 - Estádio de La Cartuja;SE-20 - Parque de Alamillo;Carro
SE-20 - Parque de Alamillo;SE-20 - Estádio de La Cartuja;Isla Mágica;SE-20 - Estádio de La Cartuja;SE-20 - Parque de Alamillo;Carro
SE-20 - Parque de Alamillo;SE-20 - San Jerónimo;Aeroporto de Sevilha - San Pablo;SE-20 - Parque de Alamillo;SE-20 - San Jerónimo;Carro
SE-20 - Parque de Alamillo;SE-20 - San Jerónimo;A-4 - Córdoba;SE-20 - Parque de Alamillo;SE-20 - San Jerónimo;Carro
SE-20 - San Jerónimo;SE-20 - Parque de Alamillo;Sevilha - Isla de la Cartuja;SE-20 - Parque de Alamillo;SE-20 - San Jerónimo;Carro
SE-30 - Saída 1;Cruzamento da A-92 com a SE-30;A-92 - Granada/Málaga;Cruzamento da A-92 com a SE-30;SE-30 - Saída 1;Carro
SE-30 - Saída 1;Cruzamento da A-92 com a SE-30;A-4 - Cádiz;Cruzamento da A-92 com a SE-30;SE-30 - Saída 1;Carro
SE-30 - Saída 1;Cruzamento da A-92 com a SE-30;Porto de Sevilha;Cruzamento da A-92 com a SE-30;SE-30 - Saída 1;Carro
SE-30 - Saída 1;Cruzamento da A-92 com a SE-30;A-49 - Huelva;Cruzamento da A-92 com a SE-30;SE-30 - Saída 1;Carro
SE-30 - Saída 1;Cruzamento da A-4 Norte com a SE-30;Sevilha - Centro da cidade;Cruzamento da A-4 Norte com a SE-30;SE-30 - Saída 1;Carro
SE-30 - Saída 1;Cruzamento da A-4 Norte com a SE-30;Ronda Urbana Norte de Sevilha;Cruzamento da A-4 Norte com a SE-30;SE-30 - Saída 1;Carro
SE-30 - Saída 1;Cruzamento da A-4 Norte com a SE-30;A-66 - Mérida;Cruzamento da A-4 Norte com a SE-30;SE-30 - Saída 1;Carro
SE-30 - Saída 3;SE-30 - Saída 4;A-376 - Utrera;SE-30 - Saída 3;SE-30 - Saída 4;Carro
SE-30 - Saída 3;SE-30 - Saída 4;A-4 - Cádiz;SE-30 - Saída 3;SE-30 - Saída 4;Carro
SE-30 - Saída 3;SE-30 - Saída 4;Porto de Sevilha;SE-30 - Saída 3;SE-30 - Saída 4;Carro
SE-30 - Saída 3;SE-30 - Saída 4;A-49 - Huelva;SE-30 - Saída 3;SE-30 - Saída 4;Carro
SE-30 - Saída 3;Cruzamento da A-92 com a SE-30;Ronda Urbana Norte de Sevilha;Cruzamento da A-92 com a SE-30;SE-30 - Saída 3;Carro
SE-30 - Saída 3;Cruzamento da A-92 com a SE-30;Aeroporto de Sevilha - San Pablo;Cruzamento da A-92 com a SE-30;SE-30 - Saída 3;Carro
SE-30 - Saída 3;Cruzamento da A-92 com a SE-30;A-4 - Córdoba;Cruzamento da A-92 com a SE-30;SE-30 - Saída 3;Carro
SE-30 - Saída 3;Cruzamento da A-92 com a SE-30;A-66 - Mérida;Cruzamento da A-92 com a SE-30;SE-30 - Saída 3;Carro
SE-30 - Saída 4;SE-30 - Saída 5;A-376 - Utrera;SE-30 - Saída 4;SE-30 - Saída 5;Carro
SE-30 - Saída 4;SE-30 - Saída 5;A-4 - Cádiz;SE-30 - Saída 4;SE-30 - Saída 5;Carro
SE-30 - Saída 4;SE-30 - Saída 5;Porto de Sevilha;SE-30 - Saída 4;SE-30 - Saída 5;Carro
SE-30 - Saída 4;SE-30 - Saída 5;A-49 - Huelva;SE-30 - Saída 4;SE-30 - Saída 5;Carro
SE-30 - Saída 4;SE-30 - Saída 3;A-92 - Granada/Málaga;SE-30 - Saída 3;SE-30 - Saída 4;Carro
SE-30 - Saída 4;SE-30 - Saída 3;Aeroporto de Sevilha - San Pablo;SE-30 - Saída 3;SE-30 - Saída 4;Carro
SE-30 - Saída 4;SE-30 - Saída 3;A-4 - Córdoba;SE-30 - Saída 3;SE-30 - Saída 4;Carro
SE-30 - Saída 4;SE-30 - Saída 3;A-66 - Mérida;SE-30 - Saída 3;SE-30 - Saída 4;Carro
SE-30 - Saída 5;Cruzamento da A-376 com a SE-30;A-376 - Utrera;Cruzamento da A-376 com a SE-30;SE-30 - Saída 5;Carro
SE-30 - Saída 5;Cruzamento da A-376 com a SE-30;A-4 - Cádiz;Cruzamento da A-376 com a SE-30;SE-30 - Saída 5;Carro
SE-30 - Saída 5;Cruzamento da A-376 com a SE-30;Porto de Sevilha;Cruzamento da A-376 com a SE-30;SE-30 - Saída 5;Carro
SE-30 - Saída 5;Cruzamento da A-376 com a SE-30;A-49 - Huelva;Cruzamento da A-376 com a SE-30;SE-30 - Saída 5;Carro
SE-30 - Saída 5;SE-30 - Saída 4;A-92 - Granada/Málaga;SE-30 - Saída 4;SE-30 - Saída 5;Carro
SE-30 - Saída 5;SE-30 - Saída 4;Aeroporto de Sevilha - San Pablo;SE-30 - Saída 4;SE-30 - Saída 5;Carro
SE-30 - Saída 5;SE-30 - Saída 4;A-4 - Córdoba;SE-30 - Saída 4;SE-30 - Saída 5;Carro
SE-30 - Saída 5;SE-30 - Saída 4;A-66 - Mérida;SE-30 - Saída 4;SE-30 - Saída 5;Carro
SE-30 - Saída 8;Cruzamento da A-4 Sul com a SE-30;A-4 - Cádiz;Cruzamento da A-4 Sul com a SE-30;SE-30 - Saída 8;Carro
SE-30 - Saída 8;Cruzamento da A-4 Sul com a SE-30;Porto de Sevilha;Cruzamento da A-4 Sul com a SE-30;SE-30 - Saída 8;Carro
SE-30 - Saída 8;Cruzamento da A-4 Sul com a SE-30;A-49 - Huelva;Cruzamento da A-4 Sul com a SE-30;SE-30 - Saída 8;Carro
SE-30 - Saída 8;Cruzamento da A-4 Sul com a SE-30;A-66 - Mérida;Cruzamento da A-4 Sul com a SE-30;SE-30 - Saída 8;Carro
SE-30 - Saída 8;Cruzamento da A-376 com a SE-30;A-376 - Utrera;Cruzamento da A-376 com a SE-30;SE-30 - Saída 8;Carro
SE-30 - Saída 8;Cruzamento da A-376 com a SE-30;A-92 - Granada;Cruzamento da A-376 com a SE-30;SE-30 - Saída 8;Carro
SE-30 - Saída 8;Cruzamento da A-376 com a SE-30;Aeroporto de Sevilha - San Pablo;Cruzamento da A-376 com a SE-30;SE-30 - Saída 8;Carro
SE-30 - Saída 8;Cruzamento da A-376 com a SE-30;A-4 - Córdoba;Cruzamento da A-376 com a SE-30;SE-30 - Saída 8;Carro
SE-30 - Saída 12;SE-30 - Saída 14;Coria del Río;SE-30 - Saída 12;SE-30 - Saída 14;Carro
SE-30 - Saída 12;SE-30 - Saída 14;A-49 - Huelva;SE-30 - Saída 12;SE-30 - Saída 14;Carro
SE-30 - Saída 12;SE-30 - Saída 14;A-66 - Mérida;SE-30 - Saída 12;SE-30 - Saída 14;Carro
SE-30 - Saída 12;Ponte do Centenário;Porto de Sevilha Este;Ponte do Centenário;SE-30 - Saída 12;Carro
SE-30 - Saída 12;Ponte do Centenário;A-4 - Cádiz/Córdoba/Aeroporto de Sevilha - San Pablo;Ponte do Centenário;SE-30 - Saída 12;Carro
SE-30 - Saída 12;Ponte do Centenário;A-92 - Granada/Málaga;Ponte do Centenário;SE-30 - Saída 12;Carro
SE-30 - Saída 14;SE-30 - Saída 15;Coria del Río;SE-30 - Saída 14;SE-30 - Saída 15;Carro
SE-30 - Saída 14;SE-30 - Saída 15;A-49 - Huelva;SE-30 - Saída 14;SE-30 - Saída 15;Carro
SE-30 - Saída 14;SE-30 - Saída 15;A-66 - Mérida;SE-30 - Saída 14;SE-30 - Saída 15;Carro
SE-30 - Saída 14;SE-30 - Saída 12;A-4 - Cádiz/Porto de Sevilha/Córdoba/Aeroporto de Sevilha - San Pablo;SE-30 - Saída 12;SE-30 - Saída 14;Carro
SE-30 - Saída 14;SE-30 - Saída 12;A-92 - Granada/Málaga;SE-30 - Saída 12;SE-30 - Saída 14;Carro
SE-30 - Saída 15;Cruzamento da A-49 com a SE-30;A-49 - Huelva;Cruzamento da A-49 com a SE-30;SE-30 - Saída 15;Carro
SE-30 - Saída 15;Cruzamento da A-49 com a SE-30;A-66 - Mérida;Cruzamento da A-49 com a SE-30;SE-30 - Saída 15;Carro
SE-30 - Saída 15;SE-30 - Saída 14;Porto de Sevilha;SE-30 - Saída 14;SE-30 - Saída 15;Carro
SE-30 - Saída 15;SE-30 - Saída 14;A-4 - Cádiz;SE-30 - Saída 14;SE-30 - Saída 15;Carro
SE-30 - Saída 15;SE-30 - Saída 14;A-92 - Granada;SE-30 - Saída 14;SE-30 - Saída 15;Carro
SE-30 - Saída 15;SE-30 - Saída 14;Aeroporto de Sevilha - San Pablo;SE-30 - Saída 14;SE-30 - Saída 15;Carro
SE-30 - Saída 15;A-8058 - Saída 0;San Juan de Aznalfarache;A-8058 - Saída 0;SE-30 - Saída 15;Carro
SE-30 - Saída 15;A-8058 - Saída 0;Mairena del Aljarafe;A-8058 - Saída 0;SE-30 - Saída 15;Carro
SE-30 - Saída 15;A-8058 - Saída 0;Coria del Río;A-8058 - Saída 0;SE-30 - Saída 15;Carro
SE-30 - Saída 21;Ponte de Alamillo;A-4 - Córdoba;Ponte de Alamillo;SE-30 - Saída 21;Carro
SE-30 - Saída 21;Ponte de Alamillo;A-92 - Antequera;Ponte de Alamillo;SE-30 - Saída 21;Carro
SE-30 - Saída 21;Cruzamento da SE-20 com a SE-30;A-66 - Mérida;Cruzamento da SE-20 com a SE-30;SE-30 - Saída 21;Carro
SE-30 - Saída 21;Cruzamento da SE-20 com a SE-30;A-49 - Huelva;Cruzamento da SE-20 com a SE-30;SE-30 - Saída 21;Carro
SE-40 - Reinício;SE-40 - Saída 35;Almensilla;SE-40 - Reinício;SE-40 - Saída 35;Carro
SE-40 - Reinício;SE-40 - Saída 35;A-49 - Sevilha/Huelva;SE-40 - Reinício;SE-40 - Saída 35;Carro
SE-40 - Saída 19;Cruzamento da A-4 Sul com a SE-40;A-4 - Sevilha/Cádiz;Cruzamento da A-4 Sul com a SE-40;SE-40 - Saída 19;Carro
SE-40 - Saída 35;Cruzamento da A-49 com a SE-40;A-49 - Sevilha/Huelva;Cruzamento da A-49 com a SE-40;SE-40 - Saída 35;Carro
SE-40 - Saída 35;SE-40 - Reinício;A-8058 - Sevilha/Coria del Río;SE-40 - Reinício;SE-40 - Saída 35;Carro
Sítio da Fábrica;Praia da Cacela Velha;Faro;Praia da Cacela Velha;Sítio da Fábrica;Barco
Sítio da Fábrica;Praia da Cacela Velha;Tavira;Praia da Cacela Velha;Sítio da Fábrica;Barco
Tavira - Norte;Quatro Águas;Faro;Quatro Águas;Tavira - Norte;Barco
Tavira - Norte;Quatro Águas;Vila Nova de Cacela;Quatro Águas;Tavira - Norte;Barco
Variante de Faro - Nó com o IC4;Montenegro;Aeroporto de Faro;Montenegro;Variante de Faro - Nó com o IC4;Carro
Variante de Faro - Nó com o IC4;Montenegro;Praia de Faro;Montenegro;Variante de Faro - Nó com o IC4;Carro
Variante de Faro - Nó com o IC4;Variante de Faro - Nó com a N2;Olhão;Variante de Faro - Nó com a N2;Variante de Faro - Nó com o IC4;Carro
Variante de Faro - Nó com o IC4;Variante de Faro - Nó com a N2;São Brás de Alportel;Variante de Faro - Nó com a N2;Variante de Faro - Nó com o IC4;Carro
Variante de Faro - Nó com o IC4;Variante de Faro - Nó com a N2;A22 - ESPANHA/Portimão;Variante de Faro - Nó com a N2;Variante de Faro - Nó com o IC4;Carro
Variante de Faro - Nó com o IC4;Forum Algarve;Faro;Forum Algarve;Variante de Faro - Nó com o IC4;Carro
Variante de Faro - Nó com o IC4;Cruzamento do IC4 com a M520;Loulé;Cruzamento do IC4 com a M520;Variante de Faro - Nó com o IC4;Carro
Variante de Faro - Nó com o IC4;Cruzamento do IC4 com a M520;A22 - ESPANHA/Portimão;Cruzamento do IC4 com a M520;Variante de Faro - Nó com o IC4;Carro
Variante de Faro - Nó com a M518;Variante de Faro - Nó com a N2;Portimão;Variante de Faro - Nó com a M518;Variante de Faro - Nó com a N2;Carro
Variante de Faro - Nó com a M518;Variante de Faro - Nó com a N2;Aeroporto de Faro;Variante de Faro - Nó com a M518;Variante de Faro - Nó com a N2;Carro
Variante de Faro - Nó com a M518;Olhão;Olhão;Olhão;Variante de Faro - Nó com a M518;Carro
Variante de Faro - Nó com a M518;Olhão;Vila Real de Santo António;Olhão;Variante de Faro - Nó com a M518;Carro
Variante de Faro - Nó com a N2;Variante de Faro - Nó com o IC4;Portimão;Variante de Faro - Nó com a N2;Variante de Faro - Nó com o IC4;Carro
Variante de Faro - Nó com a N2;Variante de Faro - Nó com o IC4;Aeroporto de Faro;Variante de Faro - Nó com a N2;Variante de Faro - Nó com o IC4;Carro
Variante de Faro - Nó com a N2;Variante de Faro - Nó com a M518;Olhão;Variante de Faro - Nó com a M518;Variante de Faro - Nó com a N2;Carro
Variante de Faro - Nó com a N2;Variante de Faro - Nó com a M518;Vila Real de Santo António;Variante de Faro - Nó com a M518;Variante de Faro - Nó com a N2;Carro
Variante de Faro - Nó com a N2;Faro - Avenida Calouste Gulbenkian;Faro;Faro - Avenida Calouste Gulbenkian;Variante de Faro - Nó com a N2;Carro
Variante de Faro - Nó com a N2;Conceição, Faro;São Brás de Alportel;Conceição, Faro;Variante de Faro - Nó com a N2;Carro
Variante de Faro - Nó com a N2;Conceição, Faro;A22 - Loulé/ESPANHA/A2 - Lisboa;Conceição, Faro;Variante de Faro - Nó com a N2;Carro
Vila Real de Santo António;Ayamonte;Mértola;Ayamonte;Vila Real de Santo António;Barco
Vila Real de Santo António;Ayamonte;Alcoutim;Ayamonte;Vila Real de Santo António;Barco
Vila Real de Santo António;Ayamonte;Ayamonte;Ayamonte;Vila Real de Santo António;Barco
Vila Real de Santo António;Estação de Monte Gordo;Lagos;Estação de Monte Gordo;Vila Real de Santo António;Comboio
Vila Real de Santo António;Estação de Monte Gordo;Faro;Estação de Monte Gordo;Vila Real de Santo António;Comboio
