Name,Municipio,Province,District
A-1 - Saída 11,Madrid,Comunidade de Madrid,Fuencarral-El Pardo
A-1 - Saída 14,Alcobendas,Comunidade de Madrid,
A-1 - Saída 15,Alcobendas,Comunidade de Madrid,
A-1 - Saída 16,Alcobendas,Comunidade de Madrid,
A-1 - Saída 19,San Sebastián de los Reyes,Comunidade de Madrid,
A-1 - Saída 20,San Sebastián de los Reyes,Comunidade de Madrid,
A-1 - Saída 23,San Sebastián de los Reyes,Comunidade de Madrid,
A-1 - Saída 24,San Sebastián de los Reyes,Comunidade de Madrid,
A-1 - Saída 26,San Sebastián de los Reyes,Comunidade de Madrid,
A-1 - Saída 28,San Sebastián de los Reyes,Comunidade de Madrid,
A-1 - Saída 29,Colmenar Viejo,Comunidade de Madrid,
A-1 - Saída 30,Colmenar Viejo,Comunidade de Madrid,
A-1 - Saída 34,San Agustín del Guadalix,Comunidade de Madrid,
A-1 - Saída 36,El Molar,Comunidade de Madrid,
A-1 - Saída 38,El Molar,Comunidade de Madrid,
A-1 - Saída 41,El Molar,Comunidade de Madrid,
A-1 - Saída 45,El Molar,Comunidade de Madrid,
A-1 - Saída 47,Pedrezuela,Comunidade de Madrid,
A-1 - Saída 49,Guadalix de la Sierra,Comunidade de Madrid,
A-1 - Saída 50,Venturada,Comunidade de Madrid,
A-1 - Saída 55,La Cabrera,Comunidade de Madrid,
A-1 - Saída 57,La Cabrera,Comunidade de Madrid,
A-1 - Saída 60,La Cabrera,Comunidade de Madrid,
A-1 - Saída 65,Lozoyuela-Navas-Sieteiglesias,Comunidade de Madrid,
A-1 - Saída 66,Lozoyuela-Navas-Sieteiglesias,Comunidade de Madrid,
A-1 - Saída 67,Lozoyuela-Navas-Sieteiglesias,Comunidade de Madrid,
A-1 - Saída 68,Lozoyuela-Navas-Sieteiglesias,Comunidade de Madrid,
A-1 - Saída 69,Lozoyuela-Navas-Sieteiglesias,Comunidade de Madrid,
A-1 - Saída 72,Buitrago del Lozoya,Comunidade de Madrid,
A-1 - Saída 74,Buitrago del Lozoya,Comunidade de Madrid,
A-1 - Saída 75,Buitrago del Lozoya,Comunidade de Madrid,
A-1 - Saída 76,Buitrago del Lozoya,Comunidade de Madrid,
A-1 - Saída 79,La Serna del Monte,Comunidade de Madrid,
A-1 - Saída 83,Piñuécar-Gandullas,Comunidade de Madrid,
A-1 - Saída 85,Horcajo de la Sierra-Aoslos,Comunidade de Madrid,
A-1 - Saída 87,Horcajo de la Sierra-Aoslos,Comunidade de Madrid,
A-1 - Saída 92,Somosierra,Comunidade de Madrid,
A-1 - Saída 99,Santo Tomé del Puerto,Segóvia,
A-1 - Saída 100,Santo Tomé del Puerto,Segóvia,
A-1 - Saída 103,Cerezo de Abajo,Segóvia,
A-2 - Saída 3,Madrid,Comunidade de Madrid,Chamartín
A-2 - Saída 4C,Madrid,Comunidade de Madrid,Ciudad Lineal
A-2 - Saída 5,Madrid,Comunidade de Madrid,Hortaleza
A-2 - Saída 7-8,Madrid,Comunidade de Madrid,San Blas-Canillejas
A-2 - Saída 9,Madrid,Comunidade de Madrid,San Blas-Canillejas
A-2 - Saída 11-12,Madrid,Comunidade de Madrid,Barajas
A-2 - Saída 15,Madrid,Comunidade de Madrid,Barajas
A-2 - Saída 16A,San Fernando de Henares,Comunidade de Madrid,
A-2 - Saída 16B,San Fernando de Henares,Comunidade de Madrid,
A-2 - Saída 17,San Fernando de Henares,Comunidade de Madrid,
A-2 - Saída 18,San Fernando de Henares,Comunidade de Madrid,
A-2 - Saída 20,Torrejón de Ardoz,Comunidade de Madrid,
A-2 - Saída 22,Torrejón de Ardoz,Comunidade de Madrid,
A-2 - Saída 23,Torrejón de Ardoz,Comunidade de Madrid,
A-2 - Saída 24,Alcalá de Henares,Comunidade de Madrid,Distrito III
A-2 - Saída 26,Alcalá de Henares,Comunidade de Madrid,Distrito III
A-2 - Saída 28,Alcalá de Henares,Comunidade de Madrid,Distrito III
A-2 - Saída 30,Alcalá de Henares,Comunidade de Madrid,Distrito IV
A-2 - Saída 32,Alcalá de Henares,Comunidade de Madrid,Distrito IV
A-2 - Saída 33,Alcalá de Henares,Comunidade de Madrid,Distrito V
A-2 - Saída 35,Alcalá de Henares,Comunidade de Madrid,Distrito V
A-2 - Saída 38,Alcalá de Henares,Comunidade de Madrid,Distrito V
A-2 - Saída 40,Azuqueca de Henares,Guadalajara,
A-2 - Saída 42,Azuqueca de Henares,Guadalajara,
A-2 - Saída 44,Azuqueca de Henares,Guadalajara,
A-2 - Saída 48,Alovera,Guadalajara,
A-2 - Saída 51,Guadalajara,Guadalajara,
A-2 - Saída 52A,Guadalajara,Guadalajara,
A-2 - Saída 52B,Guadalajara,Guadalajara,
A-2 - Saída 53,Guadalajara,Guadalajara,
A-2 - Saída 55,Guadalajara,Guadalajara,
A-2 - Saída 56,Guadalajara,Guadalajara,
A-2 - Saída 61,Guadalajara,Guadalajara,
A-2 - Saída 64,Guadalajara,Guadalajara,
A-2 - Saída 69,Torija,Guadalajara,
A-2 - Saída 71,Torija,Guadalajara,
A-2 - Saída 73,Torija,Guadalajara,
A-2 - Saída 75,Trijueque,Guadalajara,
A-3 - Saída 5,Madrid,Comunidade de Madrid,Puente de Vallecas
A-3 - Saída 9,Madrid,Comunidade de Madrid,Villa de Vallecas
A-3 - Saída 12,Madrid,Comunidade de Madrid,Vicálvaro
A-3 - Saída 17,Rivas-Vaciamadrid,Comunidade de Madrid,
A-3 - Saída 19,Rivas-Vaciamadrid,Comunidade de Madrid,
A-3 - Saída 21,Rivas-Vaciamadrid,Comunidade de Madrid,
A-3 - Saída 22,Arganda del Rey,Comunidade de Madrid,
A-3 - Saída 25,Arganda del Rey,Comunidade de Madrid,
A-3 - Saída 28,Arganda del Rey,Comunidade de Madrid,
A-3 - Saída 33,Arganda del Rey,Comunidade de Madrid,
A-3 - Saída 35,Perales de Tajuña,Comunidade de Madrid,
A-3 - Saída 38,Perales de Tajuña,Comunidade de Madrid,
A-3 - Saída 41,Perales de Tajuña,Comunidade de Madrid,
A-3 - Saída 48,Villarejo de Salvanés,Comunidade de Madrid,
A-3 - Saída 50,Villarejo de Salvanés,Comunidade de Madrid,
A-3 - Saída 51,Villarejo de Salvanés,Comunidade de Madrid,
A-3 - Saída 59,Fuentidueña de Tajo,Comunidade de Madrid,
A-3 - Saída 62,Fuentidueña de Tajo,Comunidade de Madrid,
A-3 - Saída 63,Fuentidueña de Tajo,Comunidade de Madrid,
A-3 - Saída 68,Fuentidueña de Tajo,Comunidade de Madrid,
A-3 - Saída 71,Belinchón,Cuenca,
A-3 - Saída 74,Belinchón,Cuenca,
A-3 - Saída 76,Belinchón,Cuenca,
A-3 - Saída 79,Tarancón,Cuenca,
A-3 - Saída 80,Tarancón,Cuenca,
A-3 - Saída 90,Villarrubio,Cuenca,
A-3 - Saída 93,Villarrubio,Cuenca,
A-3 - Saída 95,Villarrubio,Cuenca,
A-3 - Saída 101,Saelices,Cuenca,
A-3 - Saída 104,Saelices,Cuenca,
A-3 - Saída 108,Huete,Cuenca,
A-3 - Saída 111,Huete,Cuenca,
A-3 - Saída 114,Montalbo,Cuenca,
A-3 - Saída 117,Montalbo,Cuenca,
A-3 - Saída 121,Zafra de Záncara,Cuenca,
A-3 - Saída 124,Villares del Saz,Cuenca,
A-3 - Saída 130,Villares del Saz,Cuenca,
A-3 - Saída 132,Villares del Saz,Cuenca,
A-3 - Saída 133,Villares del Saz,Cuenca,
A-3 - Saída 141,Cervera del Llano,Cuenca,
A-3 - Saída 147,La Hinojosa,Cuenca,
A-3 - Saída 148,La Hinojosa,Cuenca,
A-3 - Saída 154,La Almarcha,Cuenca,
A-3 - Saída 155,La Almarcha,Cuenca,
A-3 - Saída 156,Castillo de Garcimuñoz,Cuenca,
A-3 - Saída 159,Castillo de Garcimuñoz,Cuenca,
A-3 - Saída 163,Castillo de Garcimuñoz,Cuenca,
A-3 - Saída 165,Honrubia,Cuenca,
A-3 - Saída 168,Honrubia,Cuenca,
A-3 - Saída 175,Atalaya del Cañavate,Cuenca,
A-3 - Saída 186,Tébar,Cuenca,
A-3 - Saída 207,Pozorrubielos de la Mancha,Cuenca,
A-3 - Saída 212,Motilla del Palancar,Cuenca,
A-3 - Saída 225,Castillejo de Iniesta,Cuenca,
A-3 - Saída 231,Graja de Iniesta,Cuenca,
A-3 - Saída 237,Minglanilla,Cuenca,
A-3 - Saída 242,Minglanilla,Cuenca,
A-3 - Saída 255,Villargordo del Cabriel,València / Valencia,
A-3 - Saída 261,Venta del Moro,València / Valencia,
A-3 - Saída 266,Caudete de las Fuentes,València / Valencia,
A-3 - Saída 270,Caudete de las Fuentes,València / Valencia,
A-3 - Saída 275,Utiel,València / Valencia,
A-3 - Saída 278,Utiel,València / Valencia,
A-3 - Saída 281,Requena,València / Valencia,
A-3 - Saída 283,Requena,València / Valencia,
A-3 - Saída 285,Requena,València / Valencia,
A-3 - Saída 289,Requena,València / Valencia,
A-3 - Saída 291,Requena,València / Valencia,
A-3 - Saída 297,Requena,València / Valencia,
A-3 - Saída 302,Siete Aguas,València / Valencia,
A-3 - Saída 304,Siete Aguas,València / Valencia,
A-3 - Saída 306,Siete Aguas,València / Valencia,
A-3 - Saída 311,Buñol,València / Valencia,
A-3 - Saída 319,Buñol,València / Valencia,
A-3 - Saída 322,Buñol,València / Valencia,
A-3 - Saída 323,Chiva,València / Valencia,
A-3 - Saída 326,Chiva,València / Valencia,
A-3 - Saída 327,Chiva,València / Valencia,
A-3 - Saída 332,Cheste,València / Valencia,
A-3 - Saída 334,Chiva,València / Valencia,
A-3 - Saída 337,Chiva,València / Valencia,
A-3 - Saída 338,Riba-roja de Túria,València / Valencia,
A-3 - Saída 341,Riba-roja de Túria,València / Valencia,
A-3 - Túnel del Rabo de la Sartén,Villargordo del Cabriel,València / Valencia,
A-3 - Viaducto de Buñol,Buñol,València / Valencia,
A-3 - Viaducto de La Vid,Villargordo del Cabriel,València / Valencia,
A-3 - Viaducto del Embalse,Villargordo del Cabriel,València / Valencia,
A-3 - Viaducto del Istmo,Villargordo del Cabriel,València / Valencia,
A-4 - Hiper Usera,Pinto,Comunidade de Madrid,
A-4 - Polígono Industrial Los Molinos,Getafe,Comunidade de Madrid,
A-4 - Polígono Industrial Los Olivos,Getafe,Comunidade de Madrid,
A-4 - Saída 9,Madrid,Comunidade de Madrid,Villaverde
A-4 - Saída 13,Getafe,Comunidade de Madrid,
A-4 - Saída 16,Getafe,Comunidade de Madrid,
A-4 - Saída 17A,Getafe,Comunidade de Madrid,
A-4 - Saída 18,Pinto,Comunidade de Madrid,
A-4 - Saída 20,Pinto,Comunidade de Madrid,
A-4 - Saída 22,Pinto,Comunidade de Madrid,
A-4 - Saída 23,Pinto,Comunidade de Madrid,
A-4 - Saída 24,Valdemoro,Comunidade de Madrid,
A-4 - Saída 26,Valdemoro,Comunidade de Madrid,
A-4 - Saída 26A,Valdemoro,Comunidade de Madrid,
A-4 - Saída 26B,Valdemoro,Comunidade de Madrid,
A-4 - Saída 27-28,Valdemoro,Comunidade de Madrid,
A-4 - Saída 29,Valdemoro,Comunidade de Madrid,
A-4 - Saída 32,Ciempozuelos,Comunidade de Madrid,
A-4 - Saída 34,Ciempozuelos,Comunidade de Madrid,
A-4 - Saída 36,Seseña,Toledo,
A-4 - Saída 37,Seseña,Toledo,
A-4 - Saída 39,Seseña,Toledo,
A-4 - Saída 44,Seseña,Toledo,
A-4 - Saída 47,Aranjuez,Comunidade de Madrid,
A-4 - Saída 52,Ontígola,Toledo,
A-4 - Saída 53-54,Ontígola,Toledo,
A-4 - Saída 55,Ontígola,Toledo,
A-4 - Saída 56,Ocaña,Toledo,
A-4 - Saída 58,Ocaña,Toledo,
A-4 - Saída 61,Ocaña,Toledo,
A-4 - Saída 69,Ocaña,Toledo,
A-4 - Saída 70,Dosbarrios,Toledo,
A-4 - Saída 72,Dosbarrios,Toledo,
A-4 - Saída 79,La Guardia,Toledo,
A-4 - Saída 81,La Guardia,Toledo,
A-4 - Saída 83,La Guardia,Toledo,
A-4 - Saída 85,La Guardia,Toledo,
A-4 - Saída 92,Tembleque,Toledo,
A-4 - Saída 93,Tembleque,Toledo,
A-4 - Saída 94,Tembleque,Toledo,
A-4 - Saída 98,Tembleque,Toledo,
A-4 - Saída 106,Madridejos,Toledo,
A-4 - Saída 112,Madridejos,Toledo,
A-4 - Saída 115,Madridejos,Toledo,
A-4 - Saída 118,Madridejos,Toledo,
A-4 - Saída 119,Madridejos,Toledo,
A-4 - Saída 134,Puerto Lápice,Ciudad Real,
A-4 - Saída 135,Puerto Lápice,Ciudad Real,
A-4 - Saída 136,Puerto Lápice,Ciudad Real,
A-4 - Saída 137,Puerto Lápice,Ciudad Real,
A-4 - Saída 140,Puerto Lápice,Ciudad Real,
A-4 - Saída 142,Villarta de San Juan,Ciudad Real,
A-4 - Saída 144,Villarta de San Juan,Ciudad Real,
A-4 - Saída 147,Herencia,Ciudad Real,
A-4 - Saída 149,Herencia,Ciudad Real,
A-4 - Saída 153,Herencia,Ciudad Real,
A-4 - Saída 155,Herencia,Ciudad Real,
A-4 - Saída 159,Llanos del Caudillo,Ciudad Real,
A-4 - Saída 160,Llanos del Caudillo,Ciudad Real,
A-4 - Saída 161,Llanos del Caudillo,Ciudad Real,
A-4 - Saída 167,Manzanares,Ciudad Real,
A-4 - Saída 172,Manzanares,Ciudad Real,
A-4 - Saída 174,Manzanares,Ciudad Real,
A-4 - Saída 175,Manzanares,Ciudad Real,
A-4 - Saída 178,Manzanares,Ciudad Real,
A-4 - Saída 179,Membrilla,Ciudad Real,
A-4 - Saída 180,Valdepeñas,Ciudad Real,
A-4 - Saída 184,Valdepeñas,Ciudad Real,
A-4 - Saída 186,Valdepeñas,Ciudad Real,
A-4 - Saída 191,Valdepeñas,Ciudad Real,
A-4 - Saída 193,Valdepeñas,Ciudad Real,
A-4 - Saída 197,Valdepeñas,Ciudad Real,
A-4 - Saída 199,Valdepeñas,Ciudad Real,
A-4 - Saída 200,Valdepeñas,Ciudad Real,
A-4 - Saída 201,Valdepeñas,Ciudad Real,
A-4 - Saída 202,Valdepeñas,Ciudad Real,
A-4 - Saída 205,Valdepeñas,Ciudad Real,
A-4 - Saída 208,Valdepeñas,Ciudad Real,
A-4 - Saída 210,Valdepeñas,Ciudad Real,
A-4 - Saída 213,Santa Cruz de Mudela,Ciudad Real,
A-4 - Saída 216,Santa Cruz de Mudela,Ciudad Real,
A-4 - Saída 217,Santa Cruz de Mudela,Ciudad Real,
A-4 - Saída 220,Santa Cruz de Mudela,Ciudad Real,
A-4 - Saída 223,Santa Cruz de Mudela,Ciudad Real,
A-4 - Saída 227,Viso del Marqués,Ciudad Real,
A-4 - Saída 230,Almuradiel,Ciudad Real,
A-4 - Saída 231,Almuradiel,Ciudad Real,
A-4 - Saída 232,Almuradiel,Ciudad Real,
A-4 - Saída 234,Almuradiel,Ciudad Real,
A-4 - Saída 238,Almuradiel,Ciudad Real,
A-4 - Saída 241,Almuradiel,Ciudad Real,
A-4 - Saída 243,Viso del Marqués,Ciudad Real,
A-4 - Saída 250-252,Santa Elena,Jaén,
A-4 - Saída 257,Santa Elena,Jaén,
A-4 - Saída 258,Santa Elena,Jaén,
A-4 - Saída 259,Santa Elena,Jaén,
A-4 - Saída 262,Santa Elena,Jaén,
A-4 - Saída 264,La Carolina,Jaén,
A-4 - Saída 265,La Carolina,Jaén,
A-4 - Saída 266,La Carolina,Jaén,
A-4 - Saída 268,La Carolina,Jaén,
A-4 - Saída 269,La Carolina,Jaén,
A-4 - Saída 270,La Carolina,Jaén,
A-4 - Saída 274,Carboneros,Jaén,
A-4 - Saída 275,Carboneros,Jaén,
A-4 - Saída 280,Guarromán,Jaén,
A-4 - Saída 283,Guarromán,Jaén,
A-4 - Saída 285,Guarromán,Jaén,
A-4 - Saída 286,Guarromán,Jaén,
A-4 - Saída 288,Guarromán,Jaén,
A-4 - Saída 299,Bailén,Jaén,
A-4 - Saída 301,Guarromán,Jaén,
A-4 - Saída 303,Villanueva de la Reina,Jaén,
A-4 - Saída 310,Villanueva de la Reina,Jaén,
A-4 - Saída 312,Andújar,Jaén,
A-4 - Saída 316,Andújar,Jaén,
A-4 - Saída 317,Andújar,Jaén,
A-4 - Saída 318,Andújar,Jaén,
A-4 - Saída 319,Andújar,Jaén,
A-4 - Saída 321,Andújar,Jaén,
A-4 - Saída 323,Andújar,Jaén,
A-4 - Saída 324,Andújar,Jaén,
A-4 - Saída 325,Andújar,Jaén,
A-4 - Saída 326,Andújar,Jaén,
A-4 - Saída 329,Andújar,Jaén,
A-4 - Saída 335,Marmolejo,Jaén,
A-4 - Saída 339,Marmolejo,Jaén,
A-4 - Saída 346,Lopera,Jaén,
A-4 - Saída 348,Villa del Río,Córdoba,
A-4 - Saída 350,Villa del Río,Córdoba,
A-4 - Saída 356,Montoro,Córdoba,
A-4 - Saída 358,Montoro,Córdoba,
A-4 - Saída 359,Montoro,Córdoba,
A-4 - Saída 361,Montoro,Córdoba,
A-4 - Saída 364,Montoro,Córdoba,
A-4 - Saída 367,Pedro Abad,Córdoba,
A-4 - Saída 370,Pedro Abad,Córdoba,
A-4 - Saída 374,El Carpio,Córdoba,
A-4 - Saída 377,Villafranca de Córdoba,Córdoba,
A-4 - Saída 383,Córdoba,Córdoba,
A-4 - Saída 385,Córdoba,Córdoba,
A-4 - Saída 391,Córdoba,Córdoba,
A-4 - Saída 396,Córdoba,Córdoba,
A-4 - Saída 400,Córdoba,Córdoba,
A-4 - Saída 401,Córdoba,Córdoba,
A-4 - Saída 403,Córdoba,Córdoba,
A-4 - Saída 404,Córdoba,Córdoba,
A-4 - Saída 406,Córdoba,Córdoba,
A-4 - Saída 411,Córdoba,Córdoba,
A-4 - Saída 412,Córdoba,Córdoba,
A-4 - Saída 414,Córdoba,Córdoba,
A-4 - Saída 418,Córdoba,Córdoba,
A-4 - Saída 420,Córdoba,Córdoba,
A-4 - Saída 424,Córdoba,Córdoba,
A-4 - Saída 430,La Carlota,Córdoba,
A-4 - Saída 432,La Carlota,Córdoba,
A-4 - Saída 434,La Carlota,Córdoba,
A-4 - Saída 437,Écija,Sevilha,
A-4 - Saída 441,La Carlota,Córdoba,
A-4 - Saída 444,Écija,Sevilha,
A-4 - Saída 445,Écija,Sevilha,
A-4 - Saída 450,Écija,Sevilha,
A-4 - Saída 455,Écija,Sevilha,
A-4 - Saída 457,Écija,Sevilha,
A-4 - Saída 459,Écija,Sevilha,
A-4 - Saída 461,Écija,Sevilha,
A-4 - Saída 464,La Luisiana,Sevilha,
A-4 - Saída 468,Écija,Sevilha,
A-4 - Saída 471,Écija,Sevilha,
A-4 - Saída 475,Fuentes de Andalucía,Sevilha,
A-4 - Saída 480,Fuentes de Andalucía,Sevilha,
A-4 - Saída 482,La Campana,Sevilha,
A-4 - Saída 484,La Campana,Sevilha,
A-4 - Saída 487,La Campana,Sevilha,
A-4 - Saída 491,Carmona,Sevilha,
A-4 - Saída 494,Carmona,Sevilha,
A-4 - Saída 498,Carmona,Sevilha,
A-4 - Saída 500,Carmona,Sevilha,
A-4 - Saída 504,Carmona,Sevilha,
A-4 - Saída 506,Carmona,Sevilha,
A-4 - Saída 508,Carmona,Sevilha,
A-4 - Saída 511,Carmona,Sevilha,
A-4 - Saída 514,Carmona,Sevilha,
A-4 - Saída 516,Carmona,Sevilha,
A-4 - Saída 519,Carmona,Sevilha,
A-4 - Saída 521,Carmona,Sevilha,
A-4 - Saída 523,Carmona,Sevilha,
A-4 - Saída 524,La Rinconada,Sevilha,
A-4 - Saída 528,La Rinconada,Sevilha,
A-4 - Saída 530,La Rinconada,Sevilha,
A-4 - Saída 532,Sevilha,Sevilha,Este-Alcosa-Torreblanca
A-4 - Saída 533,Sevilha,Sevilha,Este-Alcosa-Torreblanca
A-4 - Saída 536,Sevilha,Sevilha,Este-Alcosa-Torreblanca
A-4 - Saída 553,Dos Hermanas,Sevilha,
A-4 - Saída 560,Dos Hermanas,Sevilha,
A-4 - Saída 562,Alcalá de Guadaíra,Sevilha,
A-4 - Saída 565,Los Palacios y Villafranca,Sevilha,
A-4 - Saída 628,Jerez de la Frontera,Cádiz,
A-4 - Saída 631,Jerez de la Frontera,Cádiz,
A-4 - Saída 632,Jerez de la Frontera,Cádiz,
A-4 - Saída 633,Jerez de la Frontera,Cádiz,
A-4 - Saída 635,Jerez de la Frontera,Cádiz,
A-4 - Saída 637,Jerez de la Frontera,Cádiz,
A-4 - Saída 639,Jerez de la Frontera,Cádiz,
A-4 - Saída 646,El Puerto de Santa María,Cádiz,
A-4 - Saída 660,Puerto Real,Cádiz,
A-4 - Saída 664,Puerto Real,Cádiz,
A-4 - Sul do Polígono Industrial Las Arenas,Pinto,Comunidade de Madrid,
A-4a - Saída 640,Jerez de la Frontera,Cádiz,
A-4a - Saída 644,Jerez de la Frontera,Cádiz,
A-4a - Sherry Golf Jerez,Jerez de la Frontera,Cádiz,
A-5 - Aluche,Madrid,Comunidade de Madrid,Latina
A-5 - Avenida de los Poblados,Madrid,Comunidade de Madrid,Latina
A-5 - Calle de Allande,Madrid,Comunidade de Madrid,Latina
A-5 - Carretera de Boadilla del Monte,Madrid,Comunidade de Madrid,Latina
A-5 - Cuatro Vientos,Madrid,Comunidade de Madrid,Latina
A-5 - El Batán,Madrid,Comunidade de Madrid,Latina
A-5 - Museo del Aire,Madrid,Comunidade de Madrid,Latina
A-5 - Quinta Asturias,Navalcarnero,Comunidade de Madrid,
A-5 - Saída 3,Madrid,Comunidade de Madrid,Moncloa-Aravaca
A-5 - Saída 5A,Madrid,Comunidade de Madrid,Latina
A-5 - Saída 11,Alcorcón,Comunidade de Madrid,Norte
A-5 - Saída 12,Alcorcón,Comunidade de Madrid,Norte
A-5 - Saída 12A,Alcorcón,Comunidade de Madrid,Norte
A-5 - Saída 12B,Alcorcón,Comunidade de Madrid,Norte
A-5 - Saída 13,Alcorcón,Comunidade de Madrid,Norte
A-5 - Saída 14,Alcorcón,Comunidade de Madrid,Norte
A-5 - Saída 18,Móstoles,Comunidade de Madrid,
A-5 - Saída 19,Móstoles,Comunidade de Madrid,
A-5 - Saída 21,Móstoles,Comunidade de Madrid,
A-5 - Saída 22,Móstoles,Comunidade de Madrid,
A-5 - Saída 23,Móstoles,Comunidade de Madrid,
A-5 - Saída 24,Móstoles,Comunidade de Madrid,
A-5 - Saída 25,Móstoles,Comunidade de Madrid,
A-5 - Saída 27,Navalcarnero,Comunidade de Madrid,
A-5 - Saída 28,Navalcarnero,Comunidade de Madrid,
A-5 - Saída 28B,Navalcarnero,Comunidade de Madrid,
A-5 - Saída 29A,Navalcarnero,Comunidade de Madrid,
A-5 - Saída 29B,Navalcarnero,Comunidade de Madrid,
A-5 - Saída 31,Navalcarnero,Comunidade de Madrid,
A-5 - Saída 32,Navalcarnero,Comunidade de Madrid,
A-5 - Saída 36,Casarrubios del Monte,Toledo,
A-5 - Saída 40,Casarrubios del Monte,Toledo,
A-5 - Saída 43,Valmojado,Toledo,
A-5 - Saída 47,Casarrubios del Monte,Toledo,
A-5 - Saída 49,Casarrubios del Monte,Toledo,
A-5 - Saída 52,Las Ventas de Retamosa,Toledo,
A-5 - Saída 58,Santa Cruz del Retamar,Toledo,
A-5 - Saída 61,Santa Cruz del Retamar,Toledo,
A-5 - Saída 66,Quismondo,Toledo,
A-5 - Saída 69,Maqueda,Toledo,
A-5 - Saída 72,Maqueda,Toledo,
A-5 - Saída 74,Maqueda,Toledo,
A-5 - Saída 79,Santa Olalla,Toledo,
A-5 - Saída 83,Santa Olalla,Toledo,
A-5 - Saída 85,Santa Olalla,Toledo,
A-5 - Saída 86,Otero,Toledo,
A-5 - Saída 88,Otero,Toledo,
A-5 - Saída 90,Los Cerralbos,Toledo,
A-5 - Saída 91,Los Cerralbos,Toledo,
A-5 - Saída 92,Los Cerralbos,Toledo,
A-5 - Saída 96,Lucillos,Toledo,
A-5 - Saída 101,Cazalegas,Toledo,
A-5 - Saída 106,Cazalegas,Toledo,
A-5 - Saída 111,Pepino,Toledo,
A-5 - Saída 115,Pepino,Toledo,
A-5 - Saída 118,Talavera de la Reina,Toledo,
A-5 - Saída 123,Talavera de la Reina,Toledo,
A-5 - Saída 124,Talavera de la Reina,Toledo,
A-5 - Saída 126,Talavera de la Reina,Toledo,
A-5 - Saída 128,Talavera de la Reina,Toledo,
A-5 - Saída 130,Calera y Chozas,Toledo,
A-5 - Saída 135,Calera y Chozas,Toledo,
A-5 - Saída 142,Oropesa,Toledo,
A-5 - Saída 145,Torralba de Oropesa,Toledo,
A-5 - Saída 146,Oropesa,Toledo,
A-5 - Saída 148,Oropesa,Toledo,
A-5 - Saída 152,Lagartera,Toledo,
A-5 - Saída 154,Herreruela de Oropesa,Toledo,
A-5 - Saída 157,La Calzada de Oropesa,Toledo,
A-5 - Saída 163,Oropesa,Toledo,
A-5 - Saída 171,Peraleda de la Mata,Cáceres,
A-5 - Saída 174,Peraleda de la Mata,Cáceres,
A-5 - Saída 178,Navalmoral de la Mata,Cáceres,
A-5 - Saída 182,Navalmoral de la Mata,Cáceres,
A-5 - Saída 184,Millanes,Cáceres,
A-5 - Saída 186,Saucedilla,Cáceres,
A-5 - Saída 190,Belvís de Monroy,Cáceres,
A-5 - Saída 192,Belvís de Monroy,Cáceres,
A-5 - Saída 193,Almaraz,Cáceres,
A-5 - Saída 197,Almaraz,Cáceres,
A-5 - Saída 200,Romangordo,Cáceres,
A-5 - Saída 207,Romangordo,Cáceres,
A-5 - Saída 210,Romangordo,Cáceres,
A-5 - Saída 219,Deleitosa,Cáceres,
A-5 - Saída 227,Jaraicejo,Cáceres,
A-5 - Saída 232,Torrecillas de la Tiesa,Cáceres,
A-5 - Saída 240,Trujillo,Cáceres,
A-5 - Saída 250,Trujillo,Cáceres,
A-5 - Saída 253,Trujillo,Cáceres,
A-5 - Saída 259,Trujillo,Cáceres,
A-5 - Saída 268,Santa Cruz de la Sierra,Cáceres,
A-5 - Saída 269,Puerto de Santa Cruz,Cáceres,
A-5 - Saída 272,Puerto de Santa Cruz,Cáceres,
A-5 - Saída 275,Villamesías,Cáceres,
A-5 - Saída 277,Villamesías,Cáceres,
A-5 - Saída 281,Villamesías,Cáceres,
A-5 - Saída 287,Escurial,Cáceres,
A-5 - Saída 298,Miajadas,Cáceres,
A-5 - Saída 300,Miajadas,Cáceres,
A-5 - Saída 304,Don Benito,Badajoz,
A-5 - Saída 310,Santa Amalia,Badajoz,
A-5 - Saída 316,Guareña,Badajoz,
A-5 - Saída 318,Guareña,Badajoz,
A-5 - Saída 325,San Pedro de Mérida,Badajoz,
A-5 - Saída 331,Trujillanos,Badajoz,
A-5 - Saída 333,Mérida,Badajoz,
A-5 - Saída 341,Mérida,Badajoz,
A-5 - Saída 342,Mérida,Badajoz,
A-5 - Saída 346,Mérida,Badajoz,
A-5 - Saída 352,Arroyo de San Serván,Badajoz,
A-5 - Saída 354,Mérida,Badajoz,
A-5 - Saída 360,Mérida,Badajoz,
A-5 - Saída 365,Lobón,Badajoz,
A-5 - Saída 367,Lobón,Badajoz,
A-5 - Saída 372,Lobón,Badajoz,
A-5 - Saída 374,Talavera la Real,Badajoz,
A-5 - Saída 376,Talavera la Real,Badajoz,
A-5 - Saída 380,Talavera la Real,Badajoz,
A-5 - Saída 382,Talavera la Real,Badajoz,
A-5 - Saída 395,Badajoz,Badajoz,
A-5 - Saída 400,Badajoz,Badajoz,
A-5 - Saída 403,Badajoz,Badajoz,
A-5 - Saída 407,Badajoz,Badajoz,
A-5R - Alcorcón Norte,Alcorcón,Comunidade de Madrid,Norte
A-6 - Palacio de la Moncloa,Madrid,Comunidade de Madrid,Moncloa-Aravaca
A-6 - Parque Deportivo,Madrid,Comunidade de Madrid,Moncloa-Aravaca
A-6 - Saída 5,Madrid,Comunidade de Madrid,Moncloa-Aravaca
A-6 - Saída 8,Madrid,Comunidade de Madrid,Moncloa-Aravaca
A-6 - Saída 9,Madrid,Comunidade de Madrid,Moncloa-Aravaca
A-6 - Saída 10A,Madrid,Comunidade de Madrid,Moncloa-Aravaca
A-6 - Saída 10B,Madrid,Comunidade de Madrid,Moncloa-Aravaca
A-6 - Saída 12,Madrid,Comunidade de Madrid,Moncloa-Aravaca
A-6 - Saída 13,Madrid,Comunidade de Madrid,Moncloa-Aravaca
A-6 - Saída 15,Las Rozas de Madrid,Comunidade de Madrid,
A-6 - Saída 17,Las Rozas de Madrid,Comunidade de Madrid,
A-6 - Saída 18,Las Rozas de Madrid,Comunidade de Madrid,
A-6 - Saída 19,Las Rozas de Madrid,Comunidade de Madrid,
A-6 - Saída 24,Las Rozas de Madrid,Comunidade de Madrid,
A-6 - Saída 26,Las Rozas de Madrid,Comunidade de Madrid,
A-6 - Saída 27,Torrelodones,Comunidade de Madrid,
A-6 - Saída 29,Torrelodones,Comunidade de Madrid,
A-6 - Saída 33,Galapagar,Comunidade de Madrid,
A-6 - Saída 36,Galapagar,Comunidade de Madrid,
A-6 - Saída 38,Collado Villalba,Comunidade de Madrid,
A-6 - Saída 39,Collado Villalba,Comunidade de Madrid,
A-6 - Saída 110,Adanero,Ávila,
A-6 - Saída 112,Adanero,Ávila,
A-6 - Saída 114,Gutierre-Muñoz,Ávila,
A-6 - Saída 117,Orbita,Ávila,
A-6 - Saída 119,Espinosa de los Caballeros,Ávila,
A-6 - Saída 122,Arévalo,Ávila,
A-6 - Saída 124,Arévalo,Ávila,
A-6 - Saída 126,Martín Muñoz de la Dehesa,Segóvia,
A-6 - Saída 129,Arévalo,Ávila,
A-6 - Saída 134,Palacios de Goda,Ávila,
A-6 - Saída 138,San Pablo de la Moraleja,Valladolid,
A-6 - Saída 141,Ataquines,Valladolid,
A-6 - Saída 147,San Vicente del Palacio,Valladolid,
A-6 - Saída 149,San Vicente del Palacio,Valladolid,
A-6 - Saída 156,Medina del Campo,Valladolid,
A-6 - Saída 157,Medina del Campo,Valladolid,
A-6 - Saída 160,Medina del Campo,Valladolid,
A-6 - Saída 161,Medina del Campo,Valladolid,
A-6 - Saída 165,Medina del Campo,Valladolid,
A-6 - Saída 170,Rueda,Valladolid,
A-6 - Saída 172,Rueda,Valladolid,
A-6 - Saída 175,Rueda,Valladolid,
A-6 - Saída 179,Tordesillas,Valladolid,
A-6 - Saída 186,Tordesillas,Valladolid,
A-6 - Saída 189,Bercero,Valladolid,
A-6 - Saída 195,Vega de Valdetronco,Valladolid,
A-6 - Saída 196,Vega de Valdetronco,Valladolid,
A-6 - Saída 201,Mota del Marqués,Valladolid,
A-6 - Saída 203,Mota del Marqués,Valladolid,
A-6 - Saída 209,Tiedra,Valladolid,
A-6 - Saída 211,Villardefrades,Valladolid,
A-6 - Saída 212,Villardefrades,Valladolid,
A-6 - Saída 215,Villardefrades,Valladolid,
A-6 - Saída 216,Villardefrades,Valladolid,
A-6 - Saída 217,Villardefrades,Valladolid,
A-6 - Saída 221,Villanueva de los Caballeros,Valladolid,
A-6 - Saída 226,Villalpando,Zamora,
A-6 - Saída 231,Villalpando,Zamora,
A-6 - Saída 234,Villalpando,Zamora,
A-6 - Saída 236,Villalpando,Zamora,
A-6 - Saída 239,Villalpando,Zamora,
A-6 - Saída 243,Cerecinos de Campos,Zamora,
A-6 - Saída 245,Cerecinos de Campos,Zamora,
A-6 - Saída 251,San Esteban del Molar,Zamora,
A-6 - Saída 257,Castrogonzalo,Zamora,
A-6 - Saída 259,Castrogonzalo,Zamora,
A-6 - Saída 261-262,Benavente,Zamora,
A-6 - Saída 264,Benavente,Zamora,
A-6 - Saída 266,San Cristóbal de Entreviñas,Zamora,
A-6 - Saída 272,La Torre del Valle,Zamora,
A-6 - Saída 277,San Adrián del Valle,León,
A-6 - Saída 280,Pozuelo del Páramo,León,
A-6 - Saída 292,Roperuelos del Páramo,León,
A-6 - Saída 298,Cebrones del Río,León,
A-6 - Saída 303,La Bañeza,León,
A-6 - Saída 306,La Bañeza,León,
A-6 - Saída 314,Riego de la Vega,León,
A-6 - Saída 318,Valderrey,León,
A-6 - Saída 326,Astorga,León,
A-6 - Saída 329,Astorga,León,
A-6 - Saída 330,Brazuelo,León,
A-6 - Saída 333-334,Brazuelo,León,
A-6 - Saída 339,Brazuelo,León,
A-6 - Saída 347-349,Villagatón,León,
A-6 - Saída 350-351,Villagatón,León,
A-6 - Saída 360-361,Folgoso de la Ribera,León,
A-6 - Saída 364,Torre del Bierzo,León,
A-6 - Saída 366,Torre del Bierzo,León,
A-6 - Saída 371-372,Bembibre,León,
A-6 - Saída 376,Congosto,León,
A-6 - Saída 378,Congosto,León,
A-6 - Saída 382,Ponferrada,León,
A-6 - Saída 387,Ponferrada,León,
A-6 - Saída 394,Camponaraya,León,
A-6 - Saída 399,Carracedelo,León,
A-6 - Saída 400,Carracedelo,León,
A-6 - Saída 405,Villafranca del Bierzo,León,
A-6 - Saída 407,Villafranca del Bierzo,León,
A-6 - Saída 415,Trabadelo,León,
A-6 - Saída 419,Vega de Valcarce,León,
A-6 - Saída 420,Vega de Valcarce,León,
A-6 - Saída 431,Pedrafita do Cebreiro,Lugo,Pedrafita do Cebreiro
A-6 - Saída 432,As Nogais,Lugo,Noceda
A-6 - Saída 438,As Nogais,Lugo,Noceda
A-6 - Saída 444,As Nogais,Lugo,As Nogais
A-6 - Saída 451,Becerreá,Lugo,Ouselle
A-6 - Saída 456,Becerreá,Lugo,Furco
A-6 - Saída 461,Baralla,Lugo,San Miguel de Neira de Rei
A-6 - Saída 469,Baralla,Lugo,Vilartelín
A-6 - Saída 479,O Corgo,Lugo,Castrillón
A-6 - Saída 485,O Corgo,Lugo,San Bartolomeu de Chamoso
A-6 - Saída 493,Lugo,Lugo,Pedreda
A-6 - Saída 497,Lugo,Lugo,San Salvador de Muxa
A-6 - Saída 500,Lugo,Lugo,Pías
A-6 - Saída 507,Outeiro de Rei,Lugo,Outeiro de Rei
A-6 - Saída 510,Rábade,Lugo,Rábade
A-6 - Saída 517,Begonte,Lugo,Begonte
A-6 - Saída 522B,Begonte,Lugo,Baamonde
A-6 - Saída 529,Guitiriz,Lugo,Trasparga
A-6 - Saída 535,Guitiriz,Lugo,Lagostelle
A-6 - Saída 540,Guitiriz,Lugo,Santa Mariña de Lagostelle
A-6 - Saída 549,Aranga,A Coruña,Muniferral
A-6 - Saída 560,Coirós,A Coruña,Santa Mariña de Lesa
A-6 - Saída 565,Oza-Cesuras,A Coruña,Mondoi
A-6 - Saída 567,Betanzos,A Coruña,Requián
A-6 - Saída 573,Carral,A Coruña,San Vicente de Vigo
A-6 - Saída 583,Cambre,A Coruña,Anceis
A-6 - Saída 589,Arteixo,A Coruña,Morás
A-7 - Área de Serviço Repsol Estepona,Estepona,Málaga,
A-7 - Bahía Dorada 6/Galera Park Este,Estepona,Málaga,
A-7 - Calle de la Siesta,Estepona,Málaga,
A-7 - Calle Montes de Málaga,Manilva,Málaga,
A-7 - Camping La Bella Vista,Manilva,Málaga,
A-7 - Castillo de la Duquesa,Manilva,Málaga,
A-7 - Doña Julia Golf Club,Casares,Málaga,
A-7 - Galera Park Oeste/Jardines de Nueva Galera,Estepona,Málaga,
A-7 - La Duquesa Golf,Manilva,Málaga,
A-7 - La Duquesa/Jardines del Mar/Residencial Chullera,Manilva,Málaga,
A-7 - La Paloma/Playa Paraiso,Manilva,Málaga,
A-7 - Marina de Casares,Casares,Málaga,
A-7 - Martagina,Manilva,Málaga,
A-7 - Playa de la Chullera,Manilva,Málaga,
A-7 - Puerto de la Duquesa,Manilva,Málaga,
A-7 - Punta Chullera,Manilva,Málaga,
A-7 - Saída 103,Algeciras,Cádiz,
A-7 - Saída 104,Algeciras,Cádiz,
A-7 - Saída 105,Algeciras,Cádiz,
A-7 - Saída 106,Algeciras,Cádiz,
A-7 - Saída 107A,Algeciras,Cádiz,
A-7 - Saída 107B,Algeciras,Cádiz,
A-7 - Saída 108A,Algeciras,Cádiz,
A-7 - Saída 108B,Algeciras,Cádiz,
A-7 - Saída 108C,Algeciras,Cádiz,
A-7 - Saída 109,Algeciras,Cádiz,
A-7 - Saída 110A,Los Barrios,Cádiz,
A-7 - Saída 111,Los Barrios,Cádiz,
A-7 - Saída 112,Los Barrios,Cádiz,
A-7 - Saída 113A,Los Barrios,Cádiz,
A-7 - Saída 113B,Los Barrios,Cádiz,
A-7 - Saída 115,San Roque,Cádiz,
A-7 - Saída 116,San Roque,Cádiz,
A-7 - Saída 117,San Roque,Cádiz,
A-7 - Saída 119,San Roque,Cádiz,
A-7 - Saída 127,San Roque,Cádiz,
A-7 - Saída 130,San Roque,Cádiz,
A-7 - Saída 132,San Roque,Cádiz,
A-7 - Saída 141,Manilva,Málaga,
A-7 - Saída 145,Manilva,Málaga,
A-7 - Saída 158,Estepona,Málaga,
A-7 - Saída 160,Estepona,Málaga,
A-7 - Saída 163,Estepona,Málaga,
A-7 - Saída 165,Estepona,Málaga,
A-7 - Saída 168,Estepona,Málaga,
A-7 - Saída 170,Marbella,Málaga,
A-7 - Saída 172,Marbella,Málaga,
A-7 - Saída 174,Marbella,Málaga,
A-7 - Saída 175,Marbella,Málaga,
A-7 - Saída 176,Marbella,Málaga,
A-7 - Saída 226,Málaga,Málaga,Churriana
A-7 - Saída 230,Alhaurín de la Torre,Málaga,
A-7 - Saída 235-237,Málaga,Málaga,Puerto de la Torre
A-7 - Saída 242,Málaga,Málaga,Ciudad Jardín
A-7 - Saída 243,Málaga,Málaga,Este
A-7 - Saída 244,Málaga,Málaga,Este
A-7 - Saída 245,Málaga,Málaga,Este
A-7 - Saída 246,Málaga,Málaga,Este
A-7 - Saída 254,Rincón de la Victoria,Málaga,
A-7 - Saída 256,Rincón de la Victoria,Málaga,
A-7 - Saída 258,Rincón de la Victoria,Málaga,
A-7 - Saída 265,Vélez-Málaga,Málaga,
A-7 - Saída 272,Vélez-Málaga,Málaga,
A-7 - Saída 274,Vélez-Málaga,Málaga,
A-7 - Saída 277,Algarrobo,Málaga,
A-7 - Saída 285,Torrox,Málaga,
A-7 - Saída 292,Frigiliana,Málaga,
A-7 - Saída 295,Nerja,Málaga,
A-7 - Saída 305,Almuñécar,Granada,
A-7 - Saída 314,Almuñécar,Granada,
A-7 - Saída 322,Salobreña,Granada,
A-7 - Saída 331,Manises,València / Valencia,
A-7 - Saída 341,Torrent,València / Valencia,
A-7 - Saída 342,Motril,Granada,
A-7 - Saída 344,Torrent,València / Valencia,
A-7 - Saída 351,Picassent,València / Valencia,
A-7 - Saída 354,Lújar,Granada,
A-7 - Saída 356,Silla,València / Valencia,
A-7 - Saída 357,Picassent,València / Valencia,
A-7 - Saída 358,Picassent,València / Valencia,
A-7 - Saída 359,Polopos,Granada,
A-7 - Saída 361,Benifaió,València / Valencia,
A-7 - Saída 363,Benifaió,València / Valencia,
A-7 - Saída 366,Alginet,València / Valencia,
A-7 - Saída 367,Carlet,València / Valencia,
A-7 - Saída 369,Carlet,València / Valencia,
A-7 - Saída 371,L'Alcúdia,València / Valencia,
A-7 - Saída 373,Albuñol,Granada,
"A-7 - Saída 375, Granada",Albuñol,Granada,
"A-7 - Saída 375, Valência",Guadassuar,València / Valencia,
A-7 - Saída 376,L'Alcúdia,València / Valencia,
A-7 - Saída 376A,L'Alcúdia,València / Valencia,
A-7 - Saída 376B,Massalavés,València / Valencia,
A-7 - Saída 379,Massalavés,València / Valencia,
A-7 - Saída 381,Alberic,València / Valencia,
A-7 - Saída 383,Alberic,València / Valencia,
A-7 - Saída 384,Adra,Almería,
A-7 - Saída 385,Alberic,València / Valencia,
A-7 - Saída 386,Alberic,València / Valencia,
"A-7 - Saída 389, Almería",Adra,Almería,
"A-7 - Saída 389, Valência",Beneixida,València / Valencia,
"A-7 - Saída 391, Almería",Adra,Almería,
"A-7 - Saída 391, Valência",Beneixida,València / Valencia,
A-7 - Saída 395,Rotglà i Corberà,València / Valencia,
A-7 - Saída 396,Rotglà i Corberà,València / Valencia,
A-7 - Saída 398,Balanegra,Almería,
"A-7 - Saída 400, Almería",El Ejido,Almería,
"A-7 - Saída 400, Valência",Canals,València / Valencia,
A-7 - Saída 402,Játiva/Xàtiva,València / Valencia,
A-7 - Saída 403,El Ejido,Almería,
A-7 - Saída 404,El Ejido,Almería,
A-7 - Saída 405,Canals,València / Valencia,
A-7 - Saída 406,El Ejido,Almería,
A-7 - Saída 409,El Ejido,Almería,
A-7 - Saída 410,L'Olleria,València / Valencia,
A-7 - Saída 411,El Ejido,Almería,
A-7 - Saída 413,Aielo de Malferit,València / Valencia,
"A-7 - Saída 414, Almería",El Ejido,Almería,
"A-7 - Saída 414, Valência",Albaida,València / Valencia,
A-7 - Saída 415,Albaida,València / Valencia,
A-7 - Saída 417,Agullent,València / Valencia,
A-7 - Saída 418,Agullent,València / Valencia,
"A-7 - Saída 420, Almería",La Mojonera,Almería,
"A-7 - Saída 420, Valência",Agullent,València / Valencia,
A-7 - Saída 421,Agullent,València / Valencia,
A-7 - Saída 423,Albaida,València / Valencia,
A-7 - Saída 424,Vícar,Almería,
A-7 - Saída 425,Albaida,València / Valencia,
A-7 - Saída 429,Atzeneta d'Albaida,València / Valencia,
A-7 - Saída 431,Roquetas de Mar,Almería,
A-7 - Saída 432,Muro de Alcoy,Alacant / Alicante,
A-7 - Saída 435,Muro de Alcoy,Alacant / Alicante,
A-7 - Saída 436,Muro de Alcoy,Alacant / Alicante,
A-7 - Saída 438,Almería,Almería,
A-7 - Saída 441,Cocentaina,Alacant / Alicante,
A-7 - Saída 442,Cocentaina,Alacant / Alicante,
"A-7 - Saída 443, Alicante",Cocentaina,Alacant / Alicante,
"A-7 - Saída 443, Almería",Almería,Almería,
A-7 - Saída 446,Almería,Almería,
A-7 - Saída 448,Almería,Almería,
A-7 - Saída 449,Alcoi / Alcoy,Alacant / Alicante,
A-7 - Saída 453,Alcoi / Alcoy,Alacant / Alicante,
A-7 - Saída 456,Almería,Almería,
"A-7 - Saída 460, Alicante",Ibi,Alacant / Alicante,
"A-7 - Saída 460, Almería",Almería,Almería,
A-7 - Saída 464,Ibi,Alacant / Alicante,
A-7 - Saída 467,Almería,Almería,
"A-7 - Saída 471, Alicante",Castalla,Alacant / Alicante,
"A-7 - Saída 471, Almería",Almería,Almería,
A-7 - Saída 475,Níjar,Almería,
A-7 - Saída 479,Níjar,Almería,
A-7 - Saída 480,Tibi,Alacant / Alicante,
A-7 - Saída 481,Níjar,Almería,
A-7 - Saída 482,Tibi,Alacant / Alicante,
A-7 - Saída 487,Níjar,Almería,
A-7 - Saída 489,Alacant / Alicante,Alacant / Alicante,
A-7 - Saída 494,Níjar,Almería,
A-7 - Saída 504,Sorbas,Almería,
A-7 - Saída 507,Monforte del Cid,Alacant / Alicante,
"A-7 - Saída 510, Alicante",Elx / Elche,Alacant / Alicante,
"A-7 - Saída 510, Almería",Sorbas,Almería,
A-7 - Saída 513,Bédar,Almería,
A-7 - Saída 514,Los Gallardos,Almería,
A-7 - Saída 516,Los Gallardos,Almería,
A-7 - Saída 518,Elx / Elche,Alacant / Alicante,
A-7 - Saída 520,Los Gallardos,Almería,
A-7 - Saída 523,Elx / Elche,Alacant / Alicante,
A-7 - Saída 525,Vera,Almería,
A-7 - Saída 526,Crevillent,Alacant / Alicante,
"A-7 - Saída 529, Alicante",Crevillent,Alacant / Alicante,
"A-7 - Saída 529, Almería",Antas,Almería,
A-7 - Saída 535,San Isidro,Alacant / Alicante,
A-7 - Saída 537,Antas,Almería,
A-7 - Saída 538,Granja de Rocamora,Alacant / Alicante,
A-7 - Saída 541,Cox,Alacant / Alicante,
A-7 - Saída 543,Huércal-Overa,Almería,
A-7 - Saída 545,Orihuela,Alacant / Alicante,
A-7 - Saída 547,Huércal-Overa,Almería,
A-7 - Saída 549,Huércal-Overa,Almería,
"A-7 - Saída 553, Almería",Huércal-Overa,Almería,
"A-7 - Saída 553, Murcia",Santomera,Região de Murcia,
A-7 - Saída 555,Santomera,Região de Murcia,
"A-7 - Saída 559, Almería",Huércal-Overa,Almería,
"A-7 - Saída 559, Murcia",Murcia,Região de Murcia,Esparragal
"A-7 - Saída 563, Almería",Huércal-Overa,Almería,
"A-7 - Saída 563, Murcia",Murcia,Região de Murcia,Cabezo de Torres
A-7 - Saída 565,Huércal-Overa,Almería,
A-7 - Saída 571,Murcia,Região de Murcia,La Ñora
A-7 - Saída 575,Murcia,Região de Murcia,Javalí Nuevo
A-7 - Saída 581,Murcia,Região de Murcia,Sangonera la Seca
A-7 - Saída 584,Murcia,Região de Murcia,Sangonera la Seca
A-7 - Saída 585,Murcia,Região de Murcia,Sangonera la Seca
A-7 - Saída 586,Librilla,Região de Murcia,
A-7 - Saída 588,Librilla,Região de Murcia,
A-7 - Saída 589,Librilla,Região de Murcia,
A-7 - Saída 591,Librilla,Região de Murcia,
A-7 - Saída 594,Librilla,Região de Murcia,
A-7 - Saída 596,Alhama de Murcia,Região de Murcia,
A-7 - Saída 598,Alhama de Murcia,Região de Murcia,
A-7 - Saída 609,Totana,Região de Murcia,
A-7 - Saída 616,Totana,Região de Murcia,
A-7 - Saída 618,Totana,Região de Murcia,
A-7 - Saída 622,Lorca,Região de Murcia,
A-7 - Saída 623,Lorca,Região de Murcia,
A-7 - Saída 628,Lorca,Região de Murcia,
A-7 - Saída 630,Lorca,Região de Murcia,
A-7 - Saída 633,Lorca,Região de Murcia,
A-7 - Saída 640,Lorca,Região de Murcia,
A-7 - Saída 642,Lorca,Região de Murcia,
A-7 - Saída 644,Lorca,Região de Murcia,
A-7 - Saída 645,Puerto Lumbreras,Região de Murcia,
A-7 - Saída 646,Puerto Lumbreras,Região de Murcia,
A-7 - Saída 649,Puerto Lumbreras,Região de Murcia,
A-7 - Saída 655,Puerto Lumbreras,Região de Murcia,
A-7 - Saída 661,Puerto Lumbreras,Região de Murcia,
A-7 - San Luis de Sabinillas Norte,Manilva,Málaga,
A-7 - Torreguadiaro Norte,San Roque,Cádiz,
A-7 - Torreguadiaro Sul,San Roque,Cádiz,
A-7 - Urbanización Bahía de Casares,Casares,Málaga,
A-7 - Urbanización Buenas Noches,Estepona,Málaga,
A-7 - Urbanización Camarate Golf,Casares,Málaga,
A-7 - Urbanización Casares del Mar,Casares,Málaga,
A-7 - Urbanización Jardin Tropical,Manilva,Málaga,
A-7 - Urbanización Pueblo Mexicano,Manilva,Málaga,
A-7 - Urbanización Punta Chullera,Manilva,Málaga,
A-7 - Urbanización San Diego,San Roque,Cádiz,
A-7/A-30 - Saída 135,Murcia,Região de Murcia,El Puntal
A-7/A-30 - Saída 136,Murcia,Região de Murcia,El Puntal
A-7/AP-7 - Saída 155,Estepona,Málaga,
A-7/AP-7 - Saída 182,Marbella,Málaga,
A-7/AP-7 - Saída 184,Marbella,Málaga,
A-7/AP-7 - Saída 185,Marbella,Málaga,
A-7/AP-7 - Saída 217,Fuengirola,Málaga,
A-7/AP-7 - Saída 222,Benalmádena,Málaga,
A-8 - Saída 588,Guitiriz,Lugo,Pígara
A-31 - Mercalicante,Alacant / Alicante,Alacant / Alicante,
A-31 - Porto de Alicante,Alacant / Alicante,Alacant / Alicante,
A-31 - Saída 237,Alacant / Alicante,Alacant / Alicante,
A-31 - Saída 239,Alacant / Alicante,Alacant / Alicante,
A-32 - Saída 1,Bailén,Jaén,
A-40 - Saída 94,Santo Domingo-Caudilla,Toledo,
A-40 - Saída 182,Ocaña,Toledo,
A-40 - Saída 186,Ocaña,Toledo,
A-41 - Saída 163,Ciudad Real,Ciudad Real,
A-42 - Calle de Antonio López,Madrid,Comunidade de Madrid,Usera
A-42 - Paseo de Santa María de la Cabeza,Madrid,Comunidade de Madrid,Carabanchel
A-42 - Saída 4,Madrid,Comunidade de Madrid,Carabanchel
A-42 - Saída 5,Madrid,Comunidade de Madrid,Carabanchel
A-43 - Saída 4,Miguelturra,Ciudad Real,
A-43 - Saída 9,Carrión de Calatrava,Ciudad Real,
A-43 - Saída 15,Torralba de Calatrava,Ciudad Real,
A-43 - Saída 26,Daimiel,Ciudad Real,
A-43 - Saída 30,Daimiel,Ciudad Real,
A-43 - Saída 33,Daimiel,Ciudad Real,
A-43 - Saída 48,Manzanares,Ciudad Real,
A-43 - Saída 54,Manzanares,Ciudad Real,
A-43 - Saída 63-65,Manzanares,Ciudad Real,
A-43 - Saída 67,Argamasilla de Alba,Ciudad Real,
A-43 - Saída 71,Manzanares,Ciudad Real,
A-43 - Saída 75,Argamasilla de Alba,Ciudad Real,
A-43 - Saída 77,Argamasilla de Alba,Ciudad Real,
A-43 - Saída 81,Argamasilla de Alba,Ciudad Real,
A-43 - Saída 87,Argamasilla de Alba,Ciudad Real,
A-43 - Saída 91,Tomelloso,Ciudad Real,
A-43 - Saída 100,Socuéllamos,Ciudad Real,
A-43 - Saída 117,Villarrobledo,Albacete,
A-43 - Saída 125,Villarrobledo,Albacete,
A-43 - Saída 129,Villarrobledo,Albacete,
A-43 - Saída 132,Villarrobledo,Albacete,
A-43 - Saída 144,San Clemente,Cuenca,
A-43 - Saída 149,San Clemente,Cuenca,
A-43 - Saída 155,San Clemente,Cuenca,
A-43 - Saída 162,Vara de Rey,Cuenca,
A-43 - Saída 172,Atalaya del Cañavate,Cuenca,
A-44 - Saída 12,Jabalquinto,Jaén,
A-44 - Saída 17,Jabalquinto,Jaén,
A-44 - Saída 18,Mengíbar,Jaén,
A-44 - Saída 26,Jaén,Jaén,
A-44 - Saída 40-42,Jaén,Jaén,
A-44 - Saída 46,La Guardia de Jaén,Jaén,
A-44 - Saída 50,Pegalajar,Jaén,
A-44 - Saída 59,Cárcheles,Jaén,
A-44 - Saída 64,Cambil,Jaén,
A-44 - Saída 67,Campillo de Arenas,Jaén,
A-44 - Saída 74,Campillo de Arenas,Jaén,
A-44 - Saída 77,Noalejo,Jaén,
A-44 - Saída 79,Iznalloz,Granada,
A-44 - Saída 84,Campotéjar,Granada,
A-44 - Saída 89,Dehesas Viejas,Granada,
A-44 - Saída 97,Iznalloz,Granada,
A-44 - Saída 103,Deifontes,Granada,
A-44 - Saída 108,Albolote,Granada,
A-44 - Saída 111,Albolote,Granada,
A-44 - Saída 144,Padul,Granada,
A-44 - Saída 153,Villamena,Granada,
A-44 - Saída 157,Nigüelas,Granada,
A-44 - Saída 160,Lecrín,Granada,
A-44 - Saída 164,Lecrín,Granada,
A-44 - Saída 167,El Pinar,Granada,
A-44 - Saída 175,Vélez de Benaudalla,Granada,
A-44 - Saída 181,Vélez de Benaudalla,Granada,
A-45 - Saída 5,Córdoba,Córdoba,
A-45 - Saída 16,Fernán Núñez,Córdoba,
A-45 - Saída 27,Montilla,Córdoba,
A-45 - Saída 36,Montilla,Córdoba,
A-45 - Saída 40,Aguilar de la Frontera,Córdoba,
A-45 - Saída 49,Monturque,Córdoba,
A-45 - Saída 51,Lucena,Córdoba,
A-45 - Saída 62,Lucena,Córdoba,
A-45 - Saída 72,Encinas Reales,Córdoba,
A-45 - Saída 76,Benamejí,Córdoba,
A-45 - Saída 79,Benamejí,Córdoba,
A-45 - Saída 82,Benamejí,Córdoba,
A-45 - Saída 86,Antequera,Málaga,
A-45 - Saída 92,Antequera,Málaga,
A-45 - Saída 102,Antequera,Málaga,
A-45 - Saída 107,Antequera,Málaga,
A-45 - Saída 115,Antequera,Málaga,
A-45 - Saída 123,Casabermeja,Málaga,
A-45 - Saída 124,Casabermeja,Málaga,
A-45 - Saída 127,Casabermeja,Málaga,
A-45 - Saída 134,Málaga,Málaga,Palma-Palmilla
A-45 - Saída 136,Málaga,Málaga,Ciudad Jardín
A-45 - Saída 140,Málaga,Málaga,Ciudad Jardín
A-49 - Saída 1,Camas,Sevilha,
A-49 - Saída 1B,Castilleja de la Cuesta,Sevilha,
A-49 - Saída 2,Castilleja de la Cuesta,Sevilha,
A-49 - Saída 3,Castilleja de la Cuesta,Sevilha,
A-49 - Saída 5,Bormujos,Sevilha,
A-49 - Saída 11,Bollullos de la Mitación,Sevilha,
A-49 - Saída 14,Umbrete,Sevilha,
A-49 - Saída 16,Benacazón,Sevilha,
A-49 - Saída 23,Huévar del Aljarafe,Sevilha,
A-49 - Saída 28,Carrión de los Céspedes,Sevilha,
A-49 - Saída 34,Chucena,Huelva,
A-49 - Saída 48,Bollullos Par del Condado,Huelva,
A-49 - Saída 53,Villarrasa,Huelva,
A-49 - Saída 60,Bonares,Huelva,
A-49 - Saída 75,San Juan del Puerto,Huelva,
A-49 - Saída 81,Huelva,Huelva,
A-49 - Saída 87,Gibraleón,Huelva,
A-49 - Saída 94,Gibraleón,Huelva,
A-49 - Saída 99,Gibraleón,Huelva,
A-49 - Saída 105,Cartaya,Huelva,
A-49 - Saída 113,Lepe,Huelva,
A-49 - Saída 117,Lepe,Huelva,
A-49 - Saída 122,Isla Cristina,Huelva,
A-49 - Saída 125,Ayamonte,Huelva,
A-49 - Saída 129,Ayamonte,Huelva,
A-49 - Saída 131,Ayamonte,Huelva,
A-50 - Saída 4,Ávila,Ávila,
A-50 - Saída 14,Peñalba de Ávila,Ávila,
A-50 - Saída 24,San Pedro del Arroyo,Ávila,
A-50 - Saída 35,Crespos,Ávila,
A-50 - Saída 46,Narros del Castillo,Ávila,
A-50 - Saída 59,Peñaranda de Bracamonte,Salamanca,
A-50 - Saída 69,Villar de Gallimazo,Salamanca,
A-50 - Saída 76,Alconada,Salamanca,
A-50 - Saída 83,Encinas de Abajo,Salamanca,
A-50 - Saída 86,Machacón,Salamanca,
A-50 - Saída 96,Pelabravo,Salamanca,
A-50 - Zona Comercial,Santa Marta de Tormes,Salamanca,
A-52 - Saída 252,Ribadavia,Ourense,Ventosela
A-52 - Saída 262,Melón,Ourense,Quins
A-52 - Saída 269,A Cañiza,Pontevedra,Oroso
A-52 - Saída 271-272,A Cañiza,Pontevedra,A Cañiza
A-52 - Saída 282,As Neves,Pontevedra,Batalláns
A-52 - Saída 287,Salvaterra de Miño,Pontevedra,Vilacova
A-52 - Saída 294,Ponteareas,Pontevedra,Moreira
A-52 - Saída 303,O Porriño,Pontevedra,Cans
A-52 - Saída 305,O Porriño,Pontevedra,O Porriño
A-52 - Saída 306,Mos,Pontevedra,Sanguiñeda
A-55 - Rúa Loureiro,Vigo,Pontevedra,Vigo
A-55 - Saída 2A,Vigo,Pontevedra,Sárdoma
A-55 - Saída 2B,Vigo,Pontevedra,Sárdoma
A-55 - Saída 3,Vigo,Pontevedra,Bembrive
A-55 - Saída 4,Vigo,Pontevedra,Bembrive
A-55 - Saída 5,Vigo,Pontevedra,Bembrive
A-55 - Saída 5B,Vigo,Pontevedra,Lavadores
A-55 - Saída 6,Vigo,Pontevedra,Cabral
A-55 - Saída 7,Vigo,Pontevedra,Cabral
A-55 - Saída 9,Mos,Pontevedra,Tameiga
A-55 - Saída 10A,Mos,Pontevedra,Tameiga
A-55 - Saída 10B,Mos,Pontevedra,Tameiga
A-55 - Saída 11,Mos,Pontevedra,Petelos
A-55 - Saída 12,Mos,Pontevedra,Petelos
A-55 - Saída 14,Mos,Pontevedra,Sanguiñeda
A-55 - Saída 17,O Porriño,Pontevedra,Torneiros
A-55 - Saída 18,O Porriño,Pontevedra,Atios
A-55 - Saída 21,O Porriño,Pontevedra,San Salvador de Budiño
A-55 - Saída 22,O Porriño,Pontevedra,San Salvador de Budiño
A-55 - Saída 23,O Porriño,Pontevedra,San Salvador de Budiño
A-55 - Saída 24,Tui,Pontevedra,Guillarei
A-55 - Saída 26A,Tui,Pontevedra,Guillarei
A-55 - Saída 29,Tui,Pontevedra,Randufe
A-55 - Saída 30,Tui,Pontevedra,Areas
A-55 - Via de Servicio Norte,Vigo,Pontevedra,Vigo
A-55 - Via de Servicio Sul,Vigo,Pontevedra,Lavadores
A-58 - Fim,Cáceres,Cáceres,
A-58 - Saída 4,Trujillo,Cáceres,
A-58 - Saída 9,Trujillo,Cáceres,
A-58 - Saída 15,La Cumbre,Cáceres,
A-58 - Saída 21,Trujillo,Cáceres,
A-58 - Saída 35,Cáceres,Cáceres,
A-58 - Saída 42,Cáceres,Cáceres,
A-62 - Saída 238,Villares de la Reina,Salamanca,
A-62 - Saída 240,Villamayor,Salamanca,
A-62 - Saída 243,Salamanca,Salamanca,
A-62 - Saída 244,Salamanca,Salamanca,
A-62 - Saída 252,Carrascal de Barregas,Salamanca,
A-62 - Saída 258,Barbadillo,Salamanca,
A-62 - Saída 260,Calzada de Don Diego,Salamanca,
A-62 - Saída 269,Robliza de Cojos,Salamanca,
A-62 - Saída 276,Aldehuela de la Bóveda,Salamanca,
A-62 - Saída 282,Aldehuela de la Bóveda,Salamanca,
A-62 - Saída 285,La Fuente de San Esteban,Salamanca,
A-62 - Saída 293,La Fuente de San Esteban,Salamanca,
A-62 - Saída 297,Martín de Yeltes,Salamanca,
A-62 - Saída 309,Sancti-Spíritus,Salamanca,
A-62 - Saída 312,Sancti-Spíritus,Salamanca,
A-62 - Saída 315,Ciudad Rodrigo,Salamanca,
A-62 - Saída 325,Ciudad Rodrigo,Salamanca,
A-62 - Saída 327,Ciudad Rodrigo,Salamanca,
A-62 - Saída 332,Ciudad Rodrigo,Salamanca,
A-62 - Saída 339,Carpio de Azaba,Salamanca,
A-62 - Saída 344,Espeja,Salamanca,
A-62 - Saída 352,Fuentes de Oñoro,Salamanca,
A-62 - Saída 355,Fuentes de Oñoro,Salamanca,
A-66 - Saída 332,Villares de la Reina,Salamanca,
A-66 - Saída 346,Arapiles,Salamanca,
A-66 - Saída 348,Arapiles,Salamanca,
A-66 - Saída 352,Arapiles,Salamanca,
A-66 - Saída 360,Buenavista,Salamanca,
A-66 - Saída 363,Buenavista,Salamanca,
A-66 - Saída 371,Fresno Alhándiga,Salamanca,
A-66 - Saída 375,Montejo,Salamanca,
A-66 - Saída 380,Montejo,Salamanca,
A-66 - Saída 387,Guijuelo,Salamanca,
A-66 - Saída 393,Guijo de Ávila,Salamanca,
A-66 - Saída 396,La Cabeza de Béjar,Salamanca,
A-66 - Saída 398,Nava de Béjar,Salamanca,
A-66 - Saída 400,Sorihuela,Salamanca,
A-66 - Saída 402,Sorihuela,Salamanca,
A-66 - Saída 404,Sorihuela,Salamanca,
A-66 - Saída 408,Vallejera de Riofrío,Salamanca,
A-66 - Saída 410,Béjar,Salamanca,
A-66 - Saída 414,Béjar,Salamanca,
A-66 - Saída 417,Béjar,Salamanca,
A-66 - Saída 424,Puerto de Béjar,Salamanca,
A-66 - Saída 427,Baños de Montemayor,Cáceres,
A-66 - Saída 436,Aldeanueva del Camino,Cáceres,
A-66 - Saída 442,Aldeanueva del Camino,Cáceres,
A-66 - Saída 446,Casas del Monte,Cáceres,
A-66 - Saída 449,Jarilla,Cáceres,
A-66 - Saída 455,Villar de Plasencia,Cáceres,
A-66 - Saída 463,Oliva de Plasencia,Cáceres,
A-66 - Saída 471,Plasencia,Cáceres,
A-66 - Saída 485,Malpartida de Plasencia,Cáceres,
A-66 - Saída 488,Malpartida de Plasencia,Cáceres,
A-66 - Saída 494,Malpartida de Plasencia,Cáceres,
A-66 - Saída 498,Cañaveral,Cáceres,
A-66 - Saída 503,Cañaveral,Cáceres,
A-66 - Saída 505,Casas de Millán,Cáceres,
A-66 - Saída 508,Cañaveral,Cáceres,
A-66 - Saída 523,Hinojal,Cáceres,
A-66 - Saída 528,Santiago del Campo,Cáceres,
A-66 - Saída 539,Casar de Cáceres,Cáceres,
A-66 - Saída 542,Cáceres,Cáceres,
A-66 - Saída 545,Cáceres,Cáceres,
A-66 - Saída 551,Cáceres,Cáceres,
A-66 - Saída 555,Cáceres,Cáceres,
A-66 - Saída 564,Cáceres,Cáceres,
A-66 - Saída 576,Aldea del Cano,Cáceres,
A-66 - Saída 582,Casas de Don Antonio,Cáceres,
A-66 - Saída 590,Alcuéscar,Cáceres,
A-66 - Saída 592,Alcuéscar,Cáceres,
A-66 - Saída 606,Aljucén,Badajoz,
A-66 - Saída 613,Mérida,Badajoz,
A-66 - Saída 626,Mérida,Badajoz,
A-66 - Saída 627,Mérida,Badajoz,
A-66 - Saída 630,Mérida,Badajoz,
A-66 - Saída 636,Torremejía,Badajoz,
A-66 - Saída 641,Torremejía,Badajoz,
A-66 - Saída 648,Almendralejo,Badajoz,
A-66 - Saída 650,Almendralejo,Badajoz,
A-66 - Saída 652,Almendralejo,Badajoz,
A-66 - Saída 654,Almendralejo,Badajoz,
A-66 - Saída 657,Villafranca de los Barros,Badajoz,
A-66 - Saída 659,Villafranca de los Barros,Badajoz,
A-66 - Saída 662,Villafranca de los Barros,Badajoz,
A-66 - Saída 666,Villafranca de los Barros,Badajoz,
A-66 - Saída 670,Villafranca de los Barros,Badajoz,
A-66 - Saída 675,Los Santos de Maimona,Badajoz,
A-66 - Saída 677,Los Santos de Maimona,Badajoz,
A-66 - Saída 682,Puebla de Sancho Pérez,Badajoz,
A-66 - Saída 684,Puebla de Sancho Pérez,Badajoz,
A-66 - Saída 687,Puebla de Sancho Pérez,Badajoz,
A-66 - Saída 694,Calzadilla de los Barros,Badajoz,
A-66 - Saída 700,Fuente de Cantos,Badajoz,
A-66 - Saída 704,Fuente de Cantos,Badajoz,
A-66 - Saída 715,Monesterio,Badajoz,
A-66 - Saída 719,Monesterio,Badajoz,
A-66 - Saída 722,Monesterio,Badajoz,
A-66 - Saída 730,Monesterio,Badajoz,
A-66 - Saída 741,Santa Olalla del Cala,Huelva,
A-66 - Saída 745,Santa Olalla del Cala,Huelva,
A-66 - Saída 747,Santa Olalla del Cala,Huelva,
A-66 - Saída 765,El Ronquillo,Sevilha,
A-66 - Saída 768,El Ronquillo,Sevilha,
A-66 - Saída 771,El Ronquillo,Sevilha,
A-66 - Saída 782,El Garrobo,Sevilha,
A-66 - Saída 790,Guillena,Sevilha,
A-66 - Saída 795,Guillena,Sevilha,
A-66 - Saída 798,Guillena,Sevilha,
A-66 - Saída 805,Salteras,Sevilha,
A-66 - Saída 808,Santiponce,Sevilha,
A-70 - Cruzamento com a N-330,Alacant / Alicante,Alacant / Alicante,
A-70 - Saída 22,Alacant / Alicante,Alacant / Alicante,
A-92 - Andalucía Residencial,Sevilha,Sevilha,Este-Alcosa-Torreblanca
A-92 - Saída 5,Alcalá de Guadaíra,Sevilha,
A-92 - Saída 7,Alcalá de Guadaíra,Sevilha,
A-92 - Saída 9,Alcalá de Guadaíra,Sevilha,
A-92 - Saída 12,Alcalá de Guadaíra,Sevilha,
A-92 - Saída 14,Alcalá de Guadaíra,Sevilha,
A-92 - Saída 15,Alcalá de Guadaíra,Sevilha,
A-92 - Saída 23,Carmona,Sevilha,
A-92 - Saída 27,Carmona,Sevilha,
A-92 - Saída 37,Arahal,Sevilha,
A-92 - Saída 38,Arahal,Sevilha,
A-92 - Saída 40,Arahal,Sevilha,
A-92 - Saída 41,Arahal,Sevilha,
A-92 - Saída 43,Paradas,Sevilha,
A-92 - Saída 46,Paradas,Sevilha,
A-92 - Saída 49,Paradas,Sevilha,
A-92 - Saída 63,Marchena,Sevilha,
A-92 - Saída 65,La Puebla de Cazalla,Sevilha,
A-92 - Saída 80,Osuna,Sevilha,
A-92 - Saída 82,Osuna,Sevilha,
A-92 - Saída 84,Osuna,Sevilha,
A-92 - Saída 84A,Osuna,Sevilha,
A-92 - Saída 85,Osuna,Sevilha,
A-92 - Saída 92,Osuna,Sevilha,
A-92 - Saída 95,Estepa,Sevilha,
A-92 - Saída 97,Aguadulce,Sevilha,
A-92 - Saída 103,Estepa,Sevilha,
A-92 - Saída 105,Estepa,Sevilha,
A-92 - Saída 106,Estepa,Sevilha,
A-92 - Saída 109,Estepa,Sevilha,
A-92 - Saída 112,Lora de Estepa,Sevilha,
A-92 - Saída 113,Estepa,Sevilha,
A-92 - Saída 120,La Roda de Andalucía,Sevilha,
A-92 - Saída 123,La Roda de Andalucía,Sevilha,
A-92 - Saída 125,La Roda de Andalucía,Sevilha,
A-92 - Saída 132,Fuente de Piedra,Málaga,
A-92 - Saída 138,Mollina,Málaga,
A-92 - Saída 142,Mollina,Málaga,
A-92 - Saída 146,Antequera,Málaga,
A-92 - Saída 149,Antequera,Málaga,
A-92 - Saída 160,Archidona,Málaga,
A-92 - Saída 163,Archidona,Málaga,
A-92 - Saída 167,Archidona,Málaga,
A-92 - Saída 175,Archidona,Málaga,
A-92 - Saída 178,Loja,Granada,
A-92 - Saída 180,Loja,Granada,
A-92 - Saída 183,Loja,Granada,
A-92 - Saída 185,Loja,Granada,
A-92 - Saída 187,Loja,Granada,
A-92 - Saída 188,Loja,Granada,
A-92 - Saída 193,Loja,Granada,
A-92 - Saída 197,Salar,Granada,
A-92 - Saída 200,Huétor Tájar,Granada,
A-92 - Saída 203,Huétor Tájar,Granada,
A-92 - Saída 206,Moraleda de Zafayona,Granada,
A-92 - Saída 211,Moraleda de Zafayona,Granada,
A-92 - Saída 213,Moraleda de Zafayona,Granada,
A-92 - Saída 215,Moraleda de Zafayona,Granada,
A-92 - Saída 218,Pinos Puente,Granada,
A-92 - Saída 220,Láchar,Granada,
A-92 - Saída 221,Láchar,Granada,
A-92 - Saída 225,Cijuela,Granada,
A-92 - Saída 227,Chauchina,Granada,
A-92 - Saída 229,Santa Fe,Granada,
A-92 - Saída 236,Atarfe,Granada,
A-92 - Saída 237,Atarfe,Granada,
A-92 - Saída 239,Albolote,Granada,
A-92 - Saída 245,Pulianas,Granada,
A-92 - Saída 249,Alfacar,Granada,
A-92 - Saída 250,Víznar,Granada,
A-92 - Saída 253,Víznar,Granada,
A-92 - Saída 256,Huétor de Santillán,Granada,
A-92 - Saída 259,Huétor de Santillán,Granada,
A-92 - Saída 264,Huétor de Santillán,Granada,
A-92 - Saída 269,Huétor de Santillán,Granada,
A-92 - Saída 276,Diezma,Granada,
A-92 - Saída 278,Diezma,Granada,
A-92 - Saída 282,La Peza,Granada,
A-92 - Saída 286,Purullena,Granada,
A-92 - Saída 288,Purullena,Granada,
A-92 - Saída 292,Guadix,Granada,
A-92 - Saída 293,Guadix,Granada,
A-92 - Saída 294,Guadix,Granada,
A-92 - Saída 303,Valle del Zalabí,Granada,
A-92 - Saída 307,Aldeire,Granada,
A-92 - Saída 312,La Calahorra,Granada,
A-92 - Saída 318,Dólar,Granada,
A-92 - Saída 321,Huéneja,Granada,
A-92 - Saída 326,Huéneja,Granada,
A-92 - Saída 330,Fiñana,Almería,
A-92 - Saída 333,Fiñana,Almería,
A-92 - Saída 336,Abrucena,Almería,
A-92 - Saída 341,Abla,Almería,
A-92 - Saída 345,Las Tres Villas,Almería,
A-92 - Saída 352,Nacimiento,Almería,
A-92 - Saída 354,Nacimiento,Almería,
A-92 - Saída 356,Gérgal,Almería,
A-92 - Saída 358,Gérgal,Almería,
A-92 - Saída 360,Gérgal,Almería,
A-92 - Saída 362,Gérgal,Almería,
A-92 - Saída 364,Gérgal,Almería,
A-92 - Saída 368,Gérgal,Almería,
A-92 - Saída 376,Tabernas,Almería,
A-92 - Saída 382,Rioja,Almería,
A-92 - Saída 387,Pechina,Almería,
A-92 - Sevilha Este,Sevilha,Sevilha,Este-Alcosa-Torreblanca
A-92 - Torreblanca,Sevilha,Sevilha,Este-Alcosa-Torreblanca
A-92M - Saída 1,Archidona,Málaga,
A-92M - Saída 7,Villanueva del Trabuco,Málaga,
A-92M - Saída 11,Villanueva del Trabuco,Málaga,
A-92M - Saída 16,Villanueva del Rosario,Málaga,
A-92M - Saída 20,Antequera,Málaga,
A-92N - Saída 3,Guadix,Granada,
A-376 - Centro Comercial,Sevilha,Sevilha,Sur
A-376 - Condequinto,Dos Hermanas,Sevilha,
A-376 - Fim da auto-estrada,Utrera,Sevilha,
A-376 - Montequinto,Dos Hermanas,Sevilha,
A-376 - Saída 4A,Dos Hermanas,Sevilha,
A-376 - Saída 4B,Dos Hermanas,Sevilha,
A-376 - Saída 8,Alcalá de Guadaíra,Sevilha,
A-376 - Saída 11/13,Alcalá de Guadaíra,Sevilha,
A-376 - Saída 16,Alcalá de Guadaíra,Sevilha,
A-376 - Saída 21,Utrera,Sevilha,
A-376 - Universidade Pablo de Olavide,Dos Hermanas,Sevilha,
A-381 - Saída 1,Jerez de la Frontera,Cádiz,
A-381 - Saída 4,Jerez de la Frontera,Cádiz,
A-381 - Saída 10,Jerez de la Frontera,Cádiz,
A-381 - Saída 17,Jerez de la Frontera,Cádiz,
A-381 - Saída 24,Medina Sidonia,Cádiz,
A-381 - Saída 31,Medina Sidonia,Cádiz,
A-381 - Saída 36,Alcalá de los Gazules,Cádiz,
A-381 - Saída 40,Alcalá de los Gazules,Cádiz,
A-381 - Saída 42,Alcalá de los Gazules,Cádiz,
A-381 - Saída 45,Alcalá de los Gazules,Cádiz,
A-381 - Saída 54,Alcalá de los Gazules,Cádiz,
A-381 - Saída 66,Los Barrios,Cádiz,
A-381 - Saída 70,Los Barrios,Cádiz,
A-381 - Saída 73,Los Barrios,Cádiz,
A-381 - Saída 77,Los Barrios,Cádiz,
A-381 - Saída 80,Los Barrios,Cádiz,
A-381 - Saída 85,Los Barrios,Cádiz,
A-381 - Saída 87,Los Barrios,Cádiz,
A-483 - Saída 1,Bollullos Par del Condado,Huelva,
A-483 - Saída 3,Bollullos Par del Condado,Huelva,
A-483 - Saída 8,Almonte,Huelva,
A-483 - Saída 11,Almonte,Huelva,
A-483 - Saída 13,Almonte,Huelva,
A-497 - Fim,Punta Umbría,Huelva,
A-497 - Início,Huelva,Huelva,
A-497 - Saída 3,Aljaraque,Huelva,
A-497 - Saída 5,Aljaraque,Huelva,
A-497 - Saída 7,Gibraleón,Huelva,
A-497 - Saída 9,Punta Umbría,Huelva,
A-497 - Saída 10,Punta Umbría,Huelva,
A-497 - Saída 15,Punta Umbría,Huelva,
A-8009 - Saída 2,La Rinconada,Sevilha,
A-8009 - Saída 4,La Rinconada,Sevilha,
A-8009 - Saída 5,La Rinconada,Sevilha,
A-8057 - Saída 0A,San Juan de Aznalfarache,Sevilha,
A-8057 - Saída 2,Mairena del Aljarafe,Sevilha,
A-8058 - Saída 0,San Juan de Aznalfarache,Sevilha,
Aeroporto de Alicante-Elche Miguel Hernández,Elx / Elche,Alacant / Alicante,
Aeroporto de Almería,Almería,Almería,
Aeroporto de Badajoz,Badajoz,Badajoz,
Aeroporto de Córdoba,Córdoba,Córdoba,
Aeroporto de Jerez,Jerez de la Frontera,Cádiz,
Aeroporto de Madrid-Barajas - Terminal 1,Madrid,Comunidade de Madrid,Barajas
Aeroporto de Madrid-Barajas - Terminal 2,Madrid,Comunidade de Madrid,Barajas
Aeroporto de Madrid-Barajas - Terminal 3,Madrid,Comunidade de Madrid,Barajas
Aeroporto de Madrid-Barajas - Terminal 4,Madrid,Comunidade de Madrid,Barajas
Aeroporto de Madrid-Barajas - Terminal 4S,Madrid,Comunidade de Madrid,Barajas
Aeroporto de Málaga - Costa del Sol,Málaga,Málaga,Churriana
Aeroporto de Salamanca,Machacón,Salamanca,
Aeroporto de Sevilha,Sevilha,Sevilha,Este-Alcosa-Torreblanca
Aeroporto Federico García Lorca Granada-Jaén,Chauchina,Granada,
AG-51 - Saída 2,Salvaterra de Miño,Pontevedra,Soutolobre
AL-12 - Saída 7,Almería,Almería,
Alberic,Alberic,València / Valencia,
Alfafar Parc,Alfafar,València / Valencia,
Alginet,Alginet,València / Valencia,
Aljaraque,Aljaraque,Huelva,
Almonte,Almonte,Huelva,
Antiga Estação de Aljaraque,Gibraleón,Huelva,
Antiga Estação de Huelva-Término,Huelva,Huelva,
Antiga Estação de Isla Cristina - Pozo del Camino,Ayamonte,Huelva,
AP-4 - Saída 23-24,Los Palacios y Villafranca,Sevilha,
AP-4 - Saída 44-45,Las Cabezas de San Juan,Sevilha,
AP-4 - Saída 53,Lebrija,Sevilha,
AP-6 - Saída 42,Alpedrete,Comunidade de Madrid,
AP-6 - Saída 47,Guadarrama,Comunidade de Madrid,
AP-6 - Saída 51,Guadarrama,Comunidade de Madrid,
AP-6 - Saída 60,El Espinar,Segóvia,
AP-6 - Saída 102,Sanchidrián,Ávila,
AP-6 - Saída 108,Adanero,Ávila,
AP-7 - Saída 142,Manilva,Málaga,
AP-7 - Saída 172,Marbella,Málaga,
AP-7 - Saída 200,Mijas,Málaga,
AP-7 - Saída 213,Mijas,Málaga,
AP-7 - Saída 226,Torremolinos,Málaga,
AP-7 - Saída 532,Sollana,València / Valencia,
AP-9 - Saída 41,Ordes,A Coruña,Barbeiros
AP-9 - Saída 55,Oroso,A Coruña,Oroso
AP-9 - Saída 60,Santiago de Compostela,A Coruña,Marantes
AP-9 - Saída 67,Santiago de Compostela,A Coruña,San Lázaro
AP-9 - Saída 70,Santiago de Compostela,A Coruña,Santiago de Compostela
AP-9 - Saída 93,Padrón,A Coruña,Herbón
AP-9 - Saída 104,Caldas de Reis,Pontevedra,Bemil
AP-9 - Saída 110,Caldas de Reis,Pontevedra,Saiar
AP-9 - Saída 129,Pontevedra,Pontevedra,Campañó
AP-9 - Saída 137,Vilaboa,Pontevedra,Figueirido
AP-9 - Saída 147B,Redondela,Pontevedra,Trasmañó
AP-9 - Saída 148,Redondela,Pontevedra,Chapela
AP-9 - Saída 157,Vigo,Pontevedra,Cabral
AP-9 - Saída 168,O Porriño,Pontevedra,Torneiros
AP-9V - Saída 2,Vigo,Pontevedra,Teis
AP-9V - Saída 4,Vigo,Pontevedra,Lavadores
AP-9V - Saída 5,Vigo,Pontevedra,Vigo
AP-36 - Saída 3,Ocaña,Toledo,
AP-41 - Saída 2,Moraleja de Enmedio,Comunidade de Madrid,
AP-41 - Saída 8,Serranillos del Valle,Comunidade de Madrid,
AP-41 - Saída 16,Carranque,Toledo,
AP-51 - Saída 82,Villacastín,Segóvia,
AP-51 - Saída 104,Ávila,Ávila,
Aquopolis Cartaya,Cartaya,Huelva,
Arahal,Arahal,Sevilha,
"Arco de la Victoria, Madrid",Madrid,Comunidade de Madrid,Moncloa-Aravaca
Área de Serviço de Agost,Agost,Alacant / Alicante,
Área de Serviço de Altos de Marbella,Marbella,Málaga,
Área de Serviço de Ameixeira,Ordes,A Coruña,Buscás
Área de Serviço de Arroyo de la Miel,Torremolinos,Málaga,
Área de Serviço de Compostela,Teo,A Coruña,Luou
Área de Serviço de Cortijo de Robledo,Antequera,Málaga,
Área de Serviço de El Cuadrejón,Jerez de la Frontera,Cádiz,
Área de Serviço de El Fantasma,Las Cabezas de San Juan,Sevilha,
Área de Serviço de Los Palacios,Los Palacios y Villafranca,Sevilha,
Área de Serviço de Manilva,Manilva,Málaga,
Área de Serviço de Meco,Meco,Comunidade de Madrid,
Área de Serviço de Polvoranca,Leganés,Comunidade de Madrid,
Área de Serviço de Río Castor,Estepona,Málaga,
Área de Serviço de Salnés,Portas,Pontevedra,Portas
Área de Serviço de San Simón,Vilaboa,Pontevedra,Cobres
Área de Serviço de Seseña,Seseña,Toledo,
Área de Serviço de Torrent - Picassent,Torrent,València / Valencia,
Área de Serviço de Villacastín,Villacastín,Segóvia,
Área de Serviço de Villalba,San Lorenzo de El Escorial,Comunidade de Madrid,
Aroche,Aroche,Huelva,
Ausiàs March,Carlet,València / Valencia,
AV-20 - Saída 0,Ávila,Ávila,
AV-20 - Saída 3-4,Ávila,Ávila,
AV-20 - Saída 8-9,Ávila,Ávila,
"Avenida da Gran Vía x Rúa de Urzáiz, Vigo",Vigo,Pontevedra,Vigo
"Avenida da Gran Vía x Rúa de Venezuela, Vigo",Vigo,Pontevedra,Vigo
"Avenida de América, Madrid",Madrid,Comunidade de Madrid,Chamartín
Avenida de Andalucía x Avenida Pío XII,Huelva,Huelva,
"Avenida de Andalucía, Huelva",Huelva,Huelva,
"Avenida de Andalucía, Sevilha",Sevilha,Sevilha,San Pablo-Santa Justa
Avenida de Diego Morón x Avenida de Santa Marta,Huelva,Huelva,
"Avenida de España, La Línea de la Concepción",La Línea de la Concepción,Cádiz,
"Avenida de Francisco Montenegro, Huelva",Huelva,Huelva,
Avenida de Guatemala x Avenida del Nuevo Colombino,Huelva,Huelva,
Avenida de Honduras x Avenida de las Fuerzas Armadas,Huelva,Huelva,
Avenida de Honduras x Avenida de Pablo Ruiz Picasso,Huelva,Huelva,
"Avenida de Jacinto Benavente, Málaga",Málaga,Málaga,Ciudad Jardín
"Avenida de Kansas City, Sevilha",Sevilha,Sevilha,San Pablo-Santa Justa
Avenida de la Villa de Madrid x Avenida del Sur,Huelva,Huelva,
Avenida de las Flores x Calle Doctor Juan Nicolás Márquez Domínguez,Huelva,Huelva,
"Avenida de Santa Marta, Huelva",Huelva,Huelva,
Avenida del Alcalde Federico Molina Orta x Calle Galaroza,Huelva,Huelva,
"Avenida del Mediterráneo, Madrid",Madrid,Comunidade de Madrid,Retiro
Avenida del Nuevo Colombino x Calle Jabugo,Huelva,Huelva,
Ayamonte,Ayamonte,Huelva,
Ayuntamiento de Huelva,Huelva,Huelva,
Barriada de Canela,Ayamonte,Huelva,
Barrio Reina Victoria,Huelva,Huelva,
Bellavista,Aljaraque,Huelva,
Benimodo,Benimodo,València / Valencia,
Bollullos Par del Condado,Bollullos Par del Condado,Huelva,
CA-34 - Acesso à Refinaria,San Roque,Cádiz,
CA-34 - Puente Mayorga,San Roque,Cádiz,
"Calle Cartagena, La Línea de la Concepción",La Línea de la Concepción,Cádiz,
"Calle Cervantes, Huelva",Huelva,Huelva,
"Calle Galaroza, Huelva",Huelva,Huelva,
Calle Gravina x Calle Plus Ultra,Huelva,Huelva,
"Campamento, San Roque",San Roque,Cádiz,
Canal de Calatilla,Huelva,Huelva,
Carlet,Carlet,València / Valencia,
Carmona,Carmona,Sevilha,
Cartaya,Cartaya,Huelva,
Casa Colón,Huelva,Huelva,
Castelló,Castelló,València / Valencia,
Catedral de Huelva,Huelva,Huelva,
Cemitério de Nuestra Señora de la Soledad,Huelva,Huelva,
Centro Comercial Aqualon,Huelva,Huelva,
Centro Comercial Costa Luz,Huelva,Huelva,
Centro Comercial Holea,Huelva,Huelva,
"Centro Comercial Vialia, Vigo",Vigo,Pontevedra,Vigo
Centro Penitenciario de Huelva,Huelva,Huelva,
Cidade da Cultura,Santiago de Compostela,A Coruña,Santiago de Compostela
CM-41 - Saída 2,Casarrubios del Monte,Toledo,
CM-41 - Saída 6,Casarrubios del Monte,Toledo,
CM-41 - Saída 13,El Viso de San Juan,Toledo,
CO-32 - Fim,Córdoba,Córdoba,
CO-32 - Saída 3,Córdoba,Córdoba,
"Convento de Santa María de Gracia, Huelva",Huelva,Huelva,
Coria del Río,Coria del Río,Sevilha,
Corrales,Aljaraque,Huelva,
Costa Esuri,Ayamonte,Huelva,
Cruzamento I da A-7 com a AP-7,San Roque,Cádiz,
Cruzamento II da A-7 com a AP-7,Estepona,Málaga,
Cruzamento III da A-7 com a AP-7,Estepona,Málaga,
Cruzamento IV da A-7 com a AP-7,Marbella,Málaga,
Cruzamento V da A-7 com a AP-7,Marbella,Málaga,
Cruzamento VI da A-7 com a AP-7,Mijas,Málaga,
Cruzamento VII da A-7 com a AP-7,Torremolinos,Málaga,
Cruzamento VIII da A-7 com a AP-7,Antas,Almería,
Cruzamento IX da A-7 com a AP-7,Crevillent,Alacant / Alicante,
Cruzamento X da A-7 com a AP-7,Monforte del Cid,Alacant / Alicante,
Cruzamento XI da A-7 com a AP-7,Alacant / Alicante,Alacant / Alicante,
Cruzamento XII da A-7 com a AP-7,Silla,València / Valencia,
Cruzamento da A-1 com a M-11 e a M-30,Madrid,Comunidade de Madrid,Hortaleza
Cruzamento da A-1 com a M-12,Alcobendas,Comunidade de Madrid,
Cruzamento da A-1 com a M-40,Madrid,Comunidade de Madrid,Fuencarral-El Pardo
Cruzamento da A-1 com a M-50,San Sebastián de los Reyes,Comunidade de Madrid,
Cruzamento da A-2 com a CM-10,Guadalajara,Guadalajara,
Cruzamento da A-2 com a M-14,Madrid,Comunidade de Madrid,San Blas-Canillejas
Cruzamento da A-2 com a M-30,Madrid,Comunidade de Madrid,Chamartín
Cruzamento da A-2 com a M-100 e a M-203,Alcalá de Henares,Comunidade de Madrid,Distrito III
Cruzamento da A-2 com a R-2,Guadalajara,Guadalajara,
Cruzamento da A-3 com a A-7,Riba-roja de Túria,València / Valencia,
Cruzamento da A-3 com a A-31,Atalaya del Cañavate,Cuenca,
Cruzamento da A-3 com a A-43,Atalaya del Cañavate,Cuenca,
Cruzamento da A-3 com a M-30,Madrid,Comunidade de Madrid,Moratalaz
Cruzamento da A-3 com a M-40,Madrid,Comunidade de Madrid,Vicálvaro
Cruzamento da A-3 com a M-45,Madrid,Comunidade de Madrid,Villa de Vallecas
Cruzamento da A-3 com a M-50,Madrid,Comunidade de Madrid,Vicálvaro
Cruzamento da A-3 com a R-3,Arganda del Rey,Comunidade de Madrid,
Cruzamento da A-4 com a A-4a,Jerez de la Frontera,Cádiz,
Cruzamento da A-4 com a A-40,Ocaña,Toledo,
Cruzamento da A-4 com a A-43,Manzanares,Ciudad Real,
Cruzamento da A-4 com a A-44,Bailén,Jaén,
Cruzamento da A-4 com a A-45,Córdoba,Córdoba,
Cruzamento da A-4 com a A-48 e a CA-33,Puerto Real,Cádiz,
Cruzamento da A-4 com a A-480,Jerez de la Frontera,Cádiz,
Cruzamento da A-4 com a A-491,El Puerto de Santa María,Cádiz,
Cruzamento da A-4 com a AP-36 e a R-4,Ocaña,Toledo,
Cruzamento da A-4 com a CA-37,Puerto Real,Cádiz,
Cruzamento da A-4 com a CM-42,Madridejos,Toledo,
Cruzamento da A-4 com a CO-31,Córdoba,Córdoba,
Cruzamento da A-4 com a M-30,Madrid,Comunidade de Madrid,Arganzuela
Cruzamento da A-4 com a M-40,Madrid,Comunidade de Madrid,Puente de Vallecas
Cruzamento da A-4 com a M-45,Madrid,Comunidade de Madrid,Villaverde
Cruzamento da A-4 com a M-50,Getafe,Comunidade de Madrid,
Cruzamento da A-4 com a SE-20,Sevilha,Sevilha,Norte
Cruzamento da A-4 Norte com a SE-30,Sevilha,Sevilha,Este-Alcosa-Torreblanca
Cruzamento da A-4 Norte com a SE-40,La Rinconada,Sevilha,
Cruzamento da A-4 Sul com a SE-30,Sevilha,Sevilha,Bellavista-La Palmera
Cruzamento da A-4 Sul com a SE-40,Dos Hermanas,Sevilha,
Cruzamento da A-5 com a A-58,Trujillo,Cáceres,
Cruzamento da A-5 com a A-66 Norte,Mérida,Badajoz,
Cruzamento da A-5 com a A-66 Sul,Mérida,Badajoz,
Cruzamento da A-5 com a CM-41,Valmojado,Toledo,
Cruzamento da A-5 com a EX-A1,Millanes,Cáceres,
Cruzamento da A-5 com a EX-A2,Miajadas,Cáceres,
Cruzamento da A-5 com a M-30,Madrid,Comunidade de Madrid,Latina
Cruzamento da A-5 com a M-40,Madrid,Comunidade de Madrid,Latina
Cruzamento da A-5 com a R-5,Navalcarnero,Comunidade de Madrid,
Cruzamento da A-6 com a A-8,Begonte,Lugo,San Martiño de Pacios
Cruzamento da A-6 com a A-52 e a A-66,Villabrázaro,Zamora,
Cruzamento da A-6 com a A-54 e a LU-11,Lugo,Lugo,San Mamede dos Ánxos
Cruzamento da A-6 com a AC-14,Culleredo,A Coruña,Sésamo
Cruzamento da A-6 com a AG-55,Arteixo,A Coruña,Morás
Cruzamento da A-6 com a AP-9M,Betanzos,A Coruña,Piadela
Cruzamento da A-6 com a AP-71,San Justo de la Vega,León,
Cruzamento da A-6 com a M-30,Madrid,Comunidade de Madrid,Moncloa-Aravaca
Cruzamento da A-6 com a M-40,Madrid,Comunidade de Madrid,Moncloa-Aravaca
Cruzamento da A-6 com a M-50,Las Rozas de Madrid,Comunidade de Madrid,
Cruzamento da A-7 com a A-31,Monforte del Cid,Alacant / Alicante,
Cruzamento da A-7 com a A-35,Játiva/Xàtiva,València / Valencia,
Cruzamento da A-7 com a A-44,Vélez de Benaudalla,Granada,
Cruzamento da A-7 com a A-70 e a EL-20,Elx / Elche,Alacant / Alicante,
Cruzamento da A-7 com a A-91,Puerto Lumbreras,Região de Murcia,
Cruzamento da A-7 com a A-92,Viator,Almería,
Cruzamento da A-7 com a A-1051,Roquetas de Mar,Almería,
Cruzamento da A-7 com a AP-46,Málaga,Málaga,Puerto de la Torre
Cruzamento da A-7 com a CA-34,San Roque,Cádiz,
Cruzamento da A-7 com a CV-36,Chiva,València / Valencia,
Cruzamento da A-7 com a CV-50,L'Alcúdia,València / Valencia,
Cruzamento da A-7 com a CV-80,Castalla,Alacant / Alicante,
Cruzamento da A-7 com a GR-14,Motril,Granada,
Cruzamento da A-7 com a GR-16,Motril,Granada,
Cruzamento da A-7 com a MA-20,Málaga,Málaga,Palma-Palmilla
Cruzamento da A-7 com a MU-30 e a RM-15,Alcantarilla,Região de Murcia,
Cruzamento da A-7 com a RM-2,Alhama de Murcia,Região de Murcia,
Cruzamento da A-7 com a RM-3,Totana,Região de Murcia,
Cruzamento da A-7 com a RM-11,Lorca,Região de Murcia,
Cruzamento da A-31 com a A-43,Atalaya del Cañavate,Cuenca,
Cruzamento da A-31 com a A-70,Alacant / Alicante,Alacant / Alicante,
Cruzamento da A-31 com a AP-7,Monforte del Cid,Alacant / Alicante,
Cruzamento da A-32 com a A-44,Bailén,Jaén,
Cruzamento da A-40 com a A-5,Maqueda,Toledo,
Cruzamento da A-40 com a R-4,Ocaña,Toledo,
Cruzamento da A-41 com a A-43,Ciudad Real,Ciudad Real,
Cruzamento da A-42 com a M-30,Madrid,Comunidade de Madrid,Carabanchel
Cruzamento da A-42 com a M-40,Madrid,Comunidade de Madrid,Villaverde
Cruzamento da A-42 com a M-45,Getafe,Comunidade de Madrid,
Cruzamento da A-42 com a M-50,Getafe,Comunidade de Madrid,
Cruzamento da A-43 com a AP-36,San Clemente,Cuenca,
Cruzamento da A-43 com a CM-42,Socuéllamos,Ciudad Real,
Cruzamento da A-44 com a A-92,Albolote,Granada,
Cruzamento da A-45 com a A-7,Málaga,Málaga,Ciudad Jardín
Cruzamento da A-45 com a A-92,Antequera,Málaga,
Cruzamento da A-45 com a A-92M,Antequera,Málaga,
Cruzamento da A-45 com a AP-46,Antequera,Málaga,
Cruzamento da A-49 com a A-483,Bollullos Par del Condado,Huelva,
Cruzamento da A-49 com a H-31,Huelva,Huelva,
Cruzamento da A-49 com a SE-30,Camas,Sevilha,
Cruzamento da A-49 com a SE-40,Espartinas,Sevilha,
Cruzamento da A-50 com a AV-20,Ávila,Ávila,
Cruzamento da A-50 com a SA-20,Carbajosa de la Sagrada,Salamanca,
Cruzamento da A-52 com a A-55,Mos,Pontevedra,Sanguiñeda
Cruzamento da A-52 com a AG-51,Salvaterra de Miño,Pontevedra,Lira
Cruzamento da A-54 com a AP-9,Santiago de Compostela,A Coruña,San Lázaro
Cruzamento da A-66 com a EX-A1,Plasencia,Cáceres,
Cruzamento da A-66 com a SA-20,Aldeatejada,Salamanca,
Cruzamento da A-66 com a SE-30,Camas,Sevilha,
Cruzamento da A-92 com a A-92G,Santa Fe,Granada,
Cruzamento da A-92 com a A-92M,Loja,Granada,
Cruzamento da A-92 com a A-92N,Guadix,Granada,
Cruzamento da A-92 com a GR-30,Albolote,Granada,
Cruzamento da A-92 com a GR-43,Pinos Puente,Granada,
Cruzamento da A-92 com a SE-30,Sevilha,Sevilha,Cerro-Amate
Cruzamento da A-92 com a SE-40,Alcalá de Guadaíra,Sevilha,
Cruzamento da A-316 com a A-44,Jaén,Jaén,
Cruzamento da A-318 com a A-45,Lucena,Córdoba,
Cruzamento da A-357 com a A-7,Málaga,Málaga,Campanillas
Cruzamento da A-362 com a A-375 e a A-376,Utrera,Sevilha,
Cruzamento da A-376 com a SE-30,Sevilha,Sevilha,Sur
Cruzamento da A-376 com a SE-40,Alcalá de Guadaíra,Sevilha,
Cruzamento da A-381 com a A-7,Los Barrios,Cádiz,
Cruzamento da A-381 com a AP-4,Jerez de la Frontera,Cádiz,
Cruzamento da A-382 com a AP-4,Jerez de la Frontera,Cádiz,
Cruzamento da A-383 com a A-7,San Roque,Cádiz,
Cruzamento da A-395 com a GR-30,Granada,Granada,Zaidín
Cruzamento da A-499 com a N-431,Ayamonte,Huelva,
Cruzamento da A-5054 com a HU-3400,Isla Cristina,Huelva,
Cruzamento da A-5058 com a A-5059,Cartaya,Huelva,
Cruzamento da A-8005 com a SE-20,Sevilha,Sevilha,Norte
Cruzamento da A-8009 com a SE-20,Sevilha,Sevilha,Norte
Cruzamento da AG-41 com a AP-9,Barro,Pontevedra,Portela
Cruzamento da AG-46 com a AP-9,Vilaboa,Pontevedra,Cobres
Cruzamento da AG-56 com a AP-9,Santiago de Compostela,A Coruña,Conxo
Cruzamento da AP-4 com a AP-4A,Dos Hermanas,Sevilha,
Cruzamento da AP-4 com a CA-32,Puerto Real,Cádiz,
Cruzamento da AP-6 com a AP-51,Villacastín,Segóvia,
Cruzamento da AP-6 com a AP-61,El Espinar,Segóvia,
Cruzamento da AP-9 com a AP-9V,Vigo,Pontevedra,Teis
Cruzamento da AP-9 com a AP-9F,Abegondo,A Coruña,Orto
Cruzamento da AP-9 com a AP-9M,Betanzos,A Coruña,Piadela
Cruzamento da AP-9 com a AP-53,Santiago de Compostela,A Coruña,O Eixo
Cruzamento da AP-9 com a PO-10 e a PO-11,Pontevedra,Pontevedra,Salcedo
Cruzamento da AP-9 com a VG-20,Mos,Pontevedra,Tameiga
Cruzamento da AP-41 com a R-5,Moraleja de Enmedio,Comunidade de Madrid,
Cruzamento da CA-35 com a CA-36,Puerto Real,Cádiz,
Cruzamento da H-30 com a H-31,Huelva,Huelva,
Cruzamento da H-30 com a N-431,Huelva,Huelva,
Cruzamento da HU-3400 com a N-431,Lepe,Huelva,
Cruzamento da M-11 com a M-14,Madrid,Comunidade de Madrid,Barajas
Cruzamento da M-11 com a M-40,Madrid,Comunidade de Madrid,Hortaleza
Cruzamento da M-12 com a M-40,Madrid,Comunidade de Madrid,Hortaleza
Cruzamento da M-12 com a R-2,Alcobendas,Comunidade de Madrid,
Cruzamento da M-14 com a M-21 e a M-40,Madrid,Comunidade de Madrid,San Blas-Canillejas
Cruzamento da M-21 com a M-45/M-50,San Fernando de Henares,Comunidade de Madrid,
Cruzamento da M-23 com a M-30,Madrid,Comunidade de Madrid,Moratalaz
Cruzamento da M-30 com a M-607,Madrid,Comunidade de Madrid,Fuencarral-El Pardo
Cruzamento da M-31 com a M-40,Madrid,Comunidade de Madrid,Puente de Vallecas
Cruzamento da M-31 com a M-45,Madrid,Comunidade de Madrid,Villa de Vallecas
Cruzamento da M-31 com a M-50,Madrid,Comunidade de Madrid,Villa de Vallecas
Cruzamento da M-40 com a M-45,Madrid,Comunidade de Madrid,Carabanchel
Cruzamento da M-40 com a M-501,Pozuelo de Alarcón,Comunidade de Madrid,
Cruzamento da M-40 com a M-607,Madrid,Comunidade de Madrid,Fuencarral-El Pardo
Cruzamento da M-40 com a R-2,Madrid,Comunidade de Madrid,Hortaleza
Cruzamento da M-40 com a R-3,Madrid,Comunidade de Madrid,Vicálvaro
Cruzamento da M-40 com a R-5,Madrid,Comunidade de Madrid,Carabanchel
Cruzamento da M-45 com a M-50,San Fernando de Henares,Comunidade de Madrid,
Cruzamento da M-45 com a R-3,Madrid,Comunidade de Madrid,Vicálvaro
Cruzamento da M-45 com a R-5,Leganés,Comunidade de Madrid,
Cruzamento da M-50 com a M-503,Majadahonda,Comunidade de Madrid,
Cruzamento da M-50 com a R-3,Madrid,Comunidade de Madrid,Vicálvaro
Cruzamento da M-50 com a R-4,Getafe,Comunidade de Madrid,
Cruzamento da M-100 com a R-2,Alcalá de Henares,Comunidade de Madrid,Distrito III
Cruzamento da MA-20 com a MA-23,Málaga,Málaga,Churriana
Cruzamento da N-110 com a N-502,La Serrada,Ávila,
Cruzamento da N-420 com a N-430,Ciudad Real,Ciudad Real,
Cruzamento da N-431 com a N-444,Lepe,Huelva,
Cruzamento da N-431 com a N-445,Lepe,Huelva,
Cruzamento da N-431 com a N-446,Isla Cristina,Huelva,
Cruzamento da SE-20 com a SE-30,Sevilha,Sevilha,Triana
Cruzamento Este da A-3 com a A-40,Tarancón,Cuenca,
Cruzamento Este da A-6 com a A-62,Tordesillas,Valladolid,
Cruzamento Este da A-7 com a MA-24,Rincón de la Victoria,Málaga,
Cruzamento Este da M-50 com a R-2,Paracuellos de Jarama,Comunidade de Madrid,
Cruzamento Norte da A-4 com a AP-4,Dos Hermanas,Sevilha,
Cruzamento Norte da A-7 com a A-30,Murcia,Região de Murcia,El Puntal
Cruzamento Norte da A-44 com a GR-30,Albolote,Granada,
Cruzamento Norte da A-55 com a AP-9,Vigo,Pontevedra,Cabral
Cruzamento Norte da A-62 com a A-66,Villares de la Reina,Salamanca,
Cruzamento Norte da V-30 com a V-31,València / Valencia,València / Valencia,Quatre Carreres
Cruzamento Oeste da A-3 com a A-40,Tarancón,Cuenca,
Cruzamento Oeste da A-6 com a A-62,Tordesillas,Valladolid,
Cruzamento Oeste da A-7 com a MA-24,Málaga,Málaga,Este
Cruzamento Oeste da M-50 com a R-2,San Sebastián de los Reyes,Comunidade de Madrid,
Cruzamento Sul da A-4 com a AP-4,Puerto Real,Cádiz,
Cruzamento Sul da A-6 com a A-66,Castrogonzalo,Zamora,
Cruzamento Sul da A-7 com a A-30,Murcia,Região de Murcia,Guadalupe
Cruzamento Sul da A-44 com a GR-30,Villa de Otura,Granada,
Cruzamento Sul da A-55 com a AP-9,Tui,Pontevedra,Rebordáns
Cruzamento Sul da A-62 com a A-66,Salamanca,Salamanca,
Cruzamento Sul da MA-20 com a MA-21,Torremolinos,Málaga,
Cruzamento Sul da V-30 com a V-31,València / Valencia,València / Valencia,Pobles del Sud / Poblados del Sur
"Cuesta de San Vicente, Madrid",Madrid,Comunidade de Madrid,Moncloa-Aravaca
Cueva de Nerja,Nerja,Málaga,
Don Benito,Don Benito,Badajoz,
Écija,Écija,Sevilha,
El Bujeo,Tarifa,Cádiz,
El Cuartón,Tarifa,Cádiz,
El Cuervo de Sevilla,El Cuervo de Sevilla,Sevilha,
El Granado,El Granado,Huelva,
El Pelayo,Algeciras,Cádiz,
El Portil,Punta Umbría,Huelva,
El Rincón,Punta Umbría,Huelva,
El Rocío,Almonte,Huelva,
El Rompido,Cartaya,Huelva,
El Terrón,Lepe,Huelva,
Encinas de Abajo,Encinas de Abajo,Salamanca,
Encinasola,Encinasola,Huelva,
Estação da Arte,Madrid,Comunidade de Madrid,Retiro
Estação de Aeropuerto T1-T2-T3,Madrid,Comunidade de Madrid,Barajas
Estação de Aeropuerto T4,Madrid,Comunidade de Madrid,Barajas
Estação de Alginet,Alginet,València / Valencia,
Estação de Antón Martín,Madrid,Comunidade de Madrid,Centro
"Estação de Atocha, Metro de Madrid",Madrid,Comunidade de Madrid,Retiro
Estação de Ausiàs March,Carlet,València / Valencia,
Estação de Badajoz,Badajoz,Badajoz,
Estação de Barajas,Madrid,Comunidade de Madrid,Barajas
"Estação de Belmonte, Huelva",Gibraleón,Huelva,
Estação de Benimodo,Carlet,València / Valencia,
Estação de Ciudad Real,Ciudad Real,Ciudad Real,
Estação de Colombia,Madrid,Comunidade de Madrid,Chamartín
Estação de Córdoba,Córdoba,Córdoba,Noroeste
Estação de Espioca,Picassent,València / Valencia,
Estação de Feria de Madrid,Madrid,Comunidade de Madrid,Barajas
Estação de Font Almaguer,Benifaió,València / Valencia,
Estação de Fuente de la Mora,Madrid,Comunidade de Madrid,Hortaleza
Estação de Guadix,Guadix,Granada,
Estação de Huelva,Huelva,Huelva,
Estação de L'Alcúdia,L'Alcúdia,València / Valencia,
Estação de Madrid-Atocha Cercanías,Madrid,Comunidade de Madrid,Arganzuela
Estação de Madrid-Chamartín-Clara Campoamor,Madrid,Comunidade de Madrid,Chamartín
Estação de Madrid-Puerta de Atocha-Almudena Grandes,Madrid,Comunidade de Madrid,Arganzuela
Estação de Mar de Cristal,Madrid,Comunidade de Madrid,Hortaleza
Estação de Massalavés,Massalavés,València / Valencia,
Estação de Menéndez Pelayo,Madrid,Comunidade de Madrid,Retiro
Estação de Montortal,L'Alcúdia,València / Valencia,
Estação de Nuevos Ministerios,Madrid,Comunidade de Madrid,Chamberí
Estação de Pinar del Rey,Madrid,Comunidade de Madrid,Hortaleza
Estação de Recoletos,Madrid,Comunidade de Madrid,Centro
Estação de Sevilha-Santa Justa,Sevilha,Sevilha,San Pablo-Santa Justa
Estação de Valdebebas,Madrid,Comunidade de Madrid,Barajas
Estação de Vigo-Guixar,Vigo,Pontevedra,Vigo
Estação de Vigo-Urzáiz,Vigo,Pontevedra,Vigo
Estação de Villanueva de Córdoba-Los Pedroches,Villanueva de Córdoba,Córdoba,
Estádio Nuevo Colombino,Huelva,Huelva,
Estepa,Estepa,Sevilha,
EX-A1 - Fim,Moraleja,Cáceres,
EX-A1 - Saída 9,Casatejada,Cáceres,
EX-A1 - Saída 16,Majadas,Cáceres,
EX-A1 - Saída 23,Toril,Cáceres,
EX-A1 - Saída 29,Malpartida de Plasencia,Cáceres,
EX-A1 - Saída 38,Malpartida de Plasencia,Cáceres,
EX-A1 - Saída 42,Malpartida de Plasencia,Cáceres,
EX-A1 - Saída 46,Malpartida de Plasencia,Cáceres,
EX-A1 - Saída 58,Plasencia,Cáceres,
EX-A1 - Saída 61,Galisteo,Cáceres,
EX-A1 - Saída 66,Alagón del Río,Cáceres,
EX-A1 - Saída 72,Guijo de Galisteo,Cáceres,
EX-A1 - Saída 77,Coria,Cáceres,
EX-A1 - Saída 82,Coria,Cáceres,
EX-A1 - Saída 88,Casas de Don Gómez,Cáceres,
EX-A1 - Saída 92,Casas de Don Gómez,Cáceres,
EX-A2 - Fim,Don Benito,Badajoz,
EX-A2 - Saída 6,Miajadas,Cáceres,
EX-A2 - Saída 8,Don Benito,Badajoz,
EX-A2 - Saída 15,Don Benito,Badajoz,
EX-A2 - Saída 20,Don Benito,Badajoz,
EX-A2 - Saída 23,Don Benito,Badajoz,
Faro del Espigón,Huelva,Huelva,
Flecha del Rompido,Lepe,Huelva,
Fronteira Espanha-Gibraltar - Lado espanhol,La Línea de la Concepción,Cádiz,
Gelves,Gelves,Sevilha,
Gibraleón,Gibraleón,Huelva,
Glorieta de los Cipreses,Dos Hermanas,Sevilha,
"Glorieta Don Antonio Páez Lobato, Jerez de la Frontera",Jerez de la Frontera,Cádiz,
Glorieta Llaves de la Ciudad,Santa Marta de Tormes,Salamanca,
GR-30 - Saída 1,Albolote,Granada,
GR-30 - Saída 2,Albolote,Granada,
GR-30 - Saída 4,Albolote,Granada,
GR-30 - Saída 5,Peligros,Granada,
GR-30 - Saída 6,Peligros,Granada,
GR-30 - Saída 7,Pulianas,Granada,
GR-30 - Saída 9,Granada,Granada,Chana
GR-30 - Saída 11,Granada,Granada,Ronda
GR-30 - Saída 12,Granada,Granada,Ronda
GR-30 - Saída 13,Granada,Granada,Ronda
GR-30 - Saída 15,Granada,Granada,Ronda
GR-30 - Saída 18,Ogíjares,Granada,
GR-30 - Saída 21,Alhendín,Granada,
GR-30 - Saída 23,Villa de Otura,Granada,
Gran Teatro de Huelva,Huelva,Huelva,
Guadix,Guadix,Granada,
H-30 - Centro Comercial,Huelva,Huelva,
H-30 - Paseo Marítimo,Huelva,Huelva,
H-30 - Saída 8,Huelva,Huelva,
H-30 - Saída 9,Huelva,Huelva,
H-30 - Saída 11A,Huelva,Huelva,
H-30 - Saída 11B,Huelva,Huelva,
H-30 - Saída 12,Huelva,Huelva,
H-30 - Saída 15,Huelva,Huelva,
H-30 - Saída 18,Huelva,Huelva,
H-31 - Fim,Huelva,Huelva,
H-31 - Saída 80,Huelva,Huelva,
Hospital do Meixoeiro,Vigo,Pontevedra,Bembrive
"Hospital Infanta Elena, Huelva",Huelva,Huelva,
Hospital Universitário Juan Ramón Jiménez,Huelva,Huelva,
Hospital Vázquez Díaz,Huelva,Huelva,
"Humilladero de la Cinta, Huelva",Huelva,Huelva,
IES La Rábida,Huelva,Huelva,
"Iglesia de San Pedro, Huelva",Huelva,Huelva,
Intu Xanadú,Arroyomolinos,Comunidade de Madrid,
Isla Cristina,Isla Cristina,Huelva,
Isla de Bacuta Sur,Huelva,Huelva,
Isla de Las Palomas,Tarifa,Cádiz,
Isla Saltés,Huelva,Huelva,
Islantilla,Lepe,Huelva,
L'Alcúdia,L'Alcúdia,València / Valencia,
La Antilla,Lepe,Huelva,
La Carlota,La Carlota,Córdoba,
La Línea de la Concepción - Centro da cidade,La Línea de la Concepción,Cádiz,
La Puebla de Cazalla,La Puebla de Cazalla,Sevilha,
La Redondela,Isla Cristina,Huelva,
La Torre de Esteban Hambrán,La Torre de Esteban Hambrán,Toledo,
Laguna del Portil,Punta Umbría,Huelva,
Lepe,Lepe,Huelva,
Llocnou de la Corona / Lugar Nuevo de la Corona,Llocnou de la Corona / Lugar Nuevo de la Corona,València / Valencia,
Los Palacios y Villafranca,Los Palacios y Villafranca,Sevilha,
M-11 - Saída 1,Madrid,Comunidade de Madrid,Hortaleza
M-14 - T1-T2-T3 Norte,Madrid,Comunidade de Madrid,Barajas
M-14 - T1-T2-T3 Sul,Madrid,Comunidade de Madrid,Barajas
M-30 - Calle de San Pol de Mar,Madrid,Comunidade de Madrid,Moncloa-Aravaca
M-30 - Glorieta de José Moñino,Madrid,Comunidade de Madrid,Fuencarral-El Pardo
M-30 - Glorieta de las Reales Academias,Madrid,Comunidade de Madrid,Fuencarral-El Pardo
M-30 - Glorieta José Francisco de Isla,Madrid,Comunidade de Madrid,Fuencarral-El Pardo
M-30 - Palacio de la Moncloa,Madrid,Comunidade de Madrid,Moncloa-Aravaca
M-30 - Plaza Juan Pablo Forner,Madrid,Comunidade de Madrid,Fuencarral-El Pardo
M-30 - Saída 2,Madrid,Comunidade de Madrid,Chamartín
M-30 - Saída 2A-B-C,Madrid,Comunidade de Madrid,Ciudad Lineal
M-30 - Saída 3,Madrid,Comunidade de Madrid,Chamartín
M-30 - Saída 4,Madrid,Comunidade de Madrid,Chamartín
M-30 - Saída 5B-6A,Madrid,Comunidade de Madrid,Ciudad Lineal
M-30 - Saída 6A-B,Madrid,Comunidade de Madrid,Salamanca
M-30 - Saída 6B,Madrid,Comunidade de Madrid,Ciudad Lineal
M-30 - Saída 8,Madrid,Comunidade de Madrid,Moratalaz
M-30 - Saída 10,Madrid,Comunidade de Madrid,Puente de Vallecas
M-30 - Saída 11,Madrid,Comunidade de Madrid,Arganzuela
M-30 - Saída 13,Madrid,Comunidade de Madrid,Usera
M-30 - Saída 15,Madrid,Comunidade de Madrid,Arganzuela
M-30 - Saída 16,Madrid,Comunidade de Madrid,Carabanchel
M-30 - Saída 17,Madrid,Comunidade de Madrid,Arganzuela
M-30 - Saída 19,Madrid,Comunidade de Madrid,Moncloa-Aravaca
M-30 - Saída 20,Madrid,Comunidade de Madrid,Moncloa-Aravaca
M-30 - Saída 23B,Madrid,Comunidade de Madrid,Moncloa-Aravaca
M-30 - Saída 24,Madrid,Comunidade de Madrid,Moncloa-Aravaca
M-30 - Saída 25,Madrid,Comunidade de Madrid,Fuencarral-El Pardo
M-30 - Saída 26,Madrid,Comunidade de Madrid,Fuencarral-El Pardo
M-30 - Saída 27,Madrid,Comunidade de Madrid,Fuencarral-El Pardo
M-30 - Saída 31,Madrid,Comunidade de Madrid,Fuencarral-El Pardo
M-40 - Saída 5,Madrid,Comunidade de Madrid,Hortaleza
M-40 - Saída 6,Madrid,Comunidade de Madrid,Barajas
M-40 - Saída 7,Madrid,Comunidade de Madrid,Hortaleza
M-40 - Saída 10,Madrid,Comunidade de Madrid,San Blas-Canillejas
M-40 - Saída 12,Madrid,Comunidade de Madrid,Vicálvaro
M-40 - Saída 14,Madrid,Comunidade de Madrid,Moratalaz
M-40 - Saída 16,Madrid,Comunidade de Madrid,Puente de Vallecas
M-40 - Saída 19A,Madrid,Comunidade de Madrid,Puente de Vallecas
M-40 - Saída 20,Madrid,Comunidade de Madrid,Puente de Vallecas
M-40 - Saída 22,Madrid,Comunidade de Madrid,Villaverde
M-40 - Saída 23,Madrid,Comunidade de Madrid,Villaverde
M-40 - Saída 24,Madrid,Comunidade de Madrid,Villaverde
M-40 - Saída 28A,Madrid,Comunidade de Madrid,Carabanchel
M-40 - Saída 30,Madrid,Comunidade de Madrid,Latina
M-40 - Saída 31,Madrid,Comunidade de Madrid,Latina
M-40 - Saída 38,Pozuelo de Alarcón,Comunidade de Madrid,
M-40 - Saída 40,Pozuelo de Alarcón,Comunidade de Madrid,
M-40 - Saída 41,Pozuelo de Alarcón,Comunidade de Madrid,
M-40 - Saída 45,Pozuelo de Alarcón,Comunidade de Madrid,
M-40 - Saída 51,Madrid,Comunidade de Madrid,Moncloa-Aravaca
M-40 - Saída 54,Madrid,Comunidade de Madrid,Fuencarral-El Pardo
M-45 - Avenida Ensanche de Vallecas,Madrid,Comunidade de Madrid,Villa de Vallecas
M-45 - Saída 7,Getafe,Comunidade de Madrid,
M-45 - Saída 11,Madrid,Comunidade de Madrid,Villaverde
M-45 - Saída 17,Madrid,Comunidade de Madrid,Villa de Vallecas
M-45 - Saída 20,Madrid,Comunidade de Madrid,Vicálvaro
M-45 - Saída 25,Madrid,Comunidade de Madrid,Vicálvaro
M-45 - Saída 27,Madrid,Comunidade de Madrid,Vicálvaro
M-45/M-50 - Saída 17,San Fernando de Henares,Comunidade de Madrid,
M-45/M-50 - Saída 21,San Fernando de Henares,Comunidade de Madrid,
M-45/M-50 - Saída 32,San Fernando de Henares,Comunidade de Madrid,
M-50 - Saída 13,Paracuellos de Jarama,Comunidade de Madrid,
M-50 - Saída 41,Getafe,Comunidade de Madrid,
M-50 - Saída 53,Leganés,Comunidade de Madrid,
M-50 - Saída 55,Leganés,Comunidade de Madrid,
M-50 - Saída 56,Leganés,Comunidade de Madrid,
M-50 - Saída 58,Fuenlabrada,Comunidade de Madrid,Loranca - Nuevo Versalles - Parque Miraflores
M-50 - Saída 59,Fuenlabrada,Comunidade de Madrid,Loranca - Nuevo Versalles - Parque Miraflores
M-50 - Saída 60,Fuenlabrada,Comunidade de Madrid,Loranca - Nuevo Versalles - Parque Miraflores
M-50 - Saída 62,Alcorcón,Comunidade de Madrid,Suroeste
M-50 - Saída 63,Alcorcón,Comunidade de Madrid,Norte
M-50 - Saída 64,Alcorcón,Comunidade de Madrid,Norte
M-50 - Saída 65,Alcorcón,Comunidade de Madrid,Norte
M-50 - Saída 69,Boadilla del Monte,Comunidade de Madrid,
M-50 - Saída 72,Boadilla del Monte,Comunidade de Madrid,
M-50 - Saída 79,Majadahonda,Comunidade de Madrid,
M-50 - Saída 80,Majadahonda,Comunidade de Madrid,
M-50 - Saída 82,Las Rozas de Madrid,Comunidade de Madrid,
M-50 - Saída 83,Las Rozas de Madrid,Comunidade de Madrid,
M-50/R-2 - Saída 5,Paracuellos de Jarama,Comunidade de Madrid,
M-50/R-2 - Saída 10,Paracuellos de Jarama,Comunidade de Madrid,
M-607 - Saída 9A,Madrid,Comunidade de Madrid,Fuencarral-El Pardo
MA-20 - Saída 1,Málaga,Málaga,Churriana
Mairena del Aljarafe,Mairena del Aljarafe,Sevilha,
Manilva,Manilva,Málaga,
Marchena,Marchena,Sevilha,
Marismas de Isla Cristina,Ayamonte,Huelva,
Massalavés,Massalavés,València / Valencia,
Mirador del Conquero,Huelva,Huelva,
Mirador del Estrecho,Tarifa,Cádiz,
Moinho de Maré El Pintado,Ayamonte,Huelva,
Molhe da Compañía de Río Tinto,Huelva,Huelva,
Montortal,L'Alcúdia,València / Valencia,
Monumento homenaje a las víctimas del 11-M,Madrid,Comunidade de Madrid,Arganzuela
Museu de Huelva,Huelva,Huelva,
N-332 - Avinguda d'Elx x Carrer Mèxic,Alacant / Alicante,Alacant / Alicante,
N-338 - Saída 2,Elx / Elche,Alacant / Alicante,
N-338 - Saída 3,Elx / Elche,Alacant / Alicante,
N-340 - Barriada Los Pastores,Algeciras,Cádiz,
N-340 - Polígono Industrial Cortijo Real,Algeciras,Cádiz,
N-340 - Tarifa Este,Tarifa,Cádiz,
N-340 - Tarifa Oeste,Tarifa,Cádiz,
N-442 - Acesso Norte ao Porto Exterior de Huelva,Palos de la Frontera,Huelva,
Nuevo Portil,Cartaya,Huelva,
Observatorio de Aves Cazalla,Tarifa,Cádiz,
Oliva de la Frontera,Oliva de la Frontera,Badajoz,
Omet,Picassent,València / Valencia,
Osuna,Osuna,Sevilha,
Paradas,Paradas,Sevilha,
"Parque Alonso Sánchez, Huelva",Huelva,Huelva,
Parque Arqueológico de Segóbriga,Saelices,Cuenca,
Parque Empresarial La Raya,Aljaraque,Huelva,
"Parque Moret, Huelva",Huelva,Huelva,
"Paseo de la Reina Cristina, Madrid",Madrid,Comunidade de Madrid,Retiro
"Paseo de Santa María de la Cabeza, Madrid",Madrid,Comunidade de Madrid,Arganzuela
"Paseo del Mediterráneo, La Línea de la Concepción",La Línea de la Concepción,Cádiz,
"Paseo Marítimo, Huelva",Huelva,Huelva,
Paymogo,Paymogo,Huelva,
Pedrera,Pedrera,Sevilha,
Pinares de Lepe,Lepe,Huelva,
Playa Central,Isla Cristina,Huelva,
Playa de Isla Canela,Ayamonte,Huelva,
Playa de La Bota,Punta Umbría,Huelva,
Playa de Los Enebrales,Punta Umbría,Huelva,
Playa de Punta Umbría,Punta Umbría,Huelva,
Playa del Espigón Juan Carlos I,Huelva,Huelva,
"Plaza de Cristóbal Quintero, Huelva",Huelva,Huelva,
Plaza de Fray Genaro Prieto,Huelva,Huelva,
"Plaza de Isabel la Católica, Huelva",Huelva,Huelva,
Plaza de Ivonne Cazenave,Huelva,Huelva,
"Plaza de la Dinastía de los Litri, Huelva",Huelva,Huelva,
"Plaza de la Vera Cruz, Huelva",Huelva,Huelva,
"Plaza de las Monjas, Huelva",Huelva,Huelva,
"Plaza de Mariano de Cavia, Madrid",Madrid,Comunidade de Madrid,Retiro
Plaza de Quintero Báez,Huelva,Huelva,
"Plaza del Cardenal Cisneros, Madrid",Madrid,Comunidade de Madrid,Moncloa-Aravaca
"Plaza del Conde de Casal, Madrid",Madrid,Comunidade de Madrid,Retiro
"Plaza del Emperador Carlos V, Madrid",Madrid,Comunidade de Madrid,Arganzuela
Plaza del Huerto Paco,Huelva,Huelva,
"Plaza del Lino, Huelva",Huelva,Huelva,
"Plaza Doce de Octubre, Huelva",Huelva,Huelva,
Polígono Industrial Aceitunero,Dos Hermanas,Sevilha,
Polígono Industrial Ciutat de Carlet,Carlet,València / Valencia,
Polígono Industrial de Ayamonte,Ayamonte,Huelva,
Polígono Industrial Fortiz,Huelva,Huelva,
Polígono Industrial Francisco Montenegro,Huelva,Huelva,
"Polígono Industrial La Carrera, Valência",Carlet,València / Valencia,
Polígono Industrial La Creu,L'Alcúdia,València / Valencia,
Polígono Industrial La Esperanza,Huelva,Huelva,
Polígono Industrial La Paz,Huelva,Huelva,
"Polígono Industrial Nord, Valência",Alginet,València / Valencia,
Polígono Industrial Polirrosa,Huelva,Huelva,
"Polígono Industrial San Diego, Huelva",Huelva,Huelva,
Polígono Industrial Sant Bernat,Carlet,València / Valencia,
Polígono Industrial Tartessos,Huelva,Huelva,
Ponte de Alamillo,Sevilha,Sevilha,Triana
Ponte de Rande,Redondela,Pontevedra,Trasmañó
Ponte do Centenário,Sevilha,Sevilha,Bellavista-La Palmera
Ponte Internacional do Baixo Guadiana,El Granado,Huelva,
Ponte Internacional do Guadiana,Ayamonte,Huelva,
Ponte Sifão Santa Eulalia,Huelva,Huelva,
Porto Interior de Huelva,Huelva,Huelva,
Pozo del Camino,Ayamonte,Huelva,
Praça de Touros de La Merced,Huelva,Huelva,
"Praza de España, Vigo",Vigo,Pontevedra,Vigo
Puebla de Guzmán,Puebla de Guzmán,Huelva,
Puente del Burro,Huelva,Huelva,
"Puente Mayorga, San Roque",San Roque,Cádiz,
Puerto de la Laja,El Granado,Huelva,
Puertollano,Puertollano,Ciudad Real,
Punta de Tarifa,Tarifa,Cádiz,
Punta del Moral,Ayamonte,Huelva,
Punta del Sebo,Huelva,Huelva,
Punta Umbría,Punta Umbría,Huelva,
Puntal de la Cruz,Aljaraque,Huelva,
R-2 - Saída 6,Alcobendas,Comunidade de Madrid,
R-2 - Saída 33,Meco,Comunidade de Madrid,
R-2 - Saída 44,Cabanillas del Campo,Guadalajara,
R-2 - Saída 54,Marchamalo,Guadalajara,
R-2 - Saída 60,Guadalajara,Guadalajara,
R-4 - Saída 1,Pinto,Comunidade de Madrid,
R-4 - Saída 4,Pinto,Comunidade de Madrid,
R-4 - Saída 12,Torrejón de Velasco,Comunidade de Madrid,
R-4 - Saída 22,Seseña,Toledo,
R-4 - Saída 29,Seseña,Toledo,
R-4 - Saída 32,Aranjuez,Comunidade de Madrid,
R-4 - Saída 38,Ontígola,Toledo,
R-5 - Saída 9,Leganés,Comunidade de Madrid,
R-5 - Saída 11,Móstoles,Comunidade de Madrid,
R-5 - Saída 20,Moraleja de Enmedio,Comunidade de Madrid,
R-5 - Saída 28,Navalcarnero,Comunidade de Madrid,
Refinaria de Gibraltar-San Roque,San Roque,Cádiz,
Reitoria da Universidade de Huelva,Huelva,Huelva,
Ronda Urbana Norte de Sevilha - Centro Deportivo Los Mares,Sevilha,Sevilha,Norte
Ronda Urbana Norte de Sevilha - Glorieta Berrocal,Sevilha,Sevilha,Norte
Ronda Urbana Norte de Sevilha - Glorieta de San Lázaro,Sevilha,Sevilha,Macarena
Ronda Urbana Norte de Sevilha - Glorieta Olímpica,Sevilha,Sevilha,Macarena
Ronda Urbana Norte de Sevilha - Pino Montano,Sevilha,Sevilha,Norte
Ronda Urbana Norte de Sevilha - Poligono Calonge,Sevilha,Sevilha,Norte
Ronda Urbana Norte de Sevilha - Poligono Store,Sevilha,Sevilha,Norte
Rosal de la Frontera,Rosal de la Frontera,Huelva,
Rotonda dels Hams / Rotonda de los Anzuelos,València / Valencia,València / Valencia,Quatre Carreres
SA-20 - Polígono Industrial El Montalvo Este,Carbajosa de la Sagrada,Salamanca,
SA-20 - Polígono Industrial El Montalvo Oeste,Salamanca,Salamanca,
Salinas del Odiel,Huelva,Huelva,
San Bartolomé de la Torre,San Bartolomé de la Torre,Huelva,
San Juan de Aznalfarache,San Juan de Aznalfarache,Sevilha,
San Juan del Puerto,San Juan del Puerto,Huelva,
San Luis de Sabinillas,Manilva,Málaga,
San Silvestre de Guzmán,San Silvestre de Guzmán,Huelva,
Sanlúcar de Guadiana,Sanlúcar de Guadiana,Huelva,
Santa Bárbara de Casa,Santa Bárbara de Casa,Huelva,
Santa Cruz del Retamar,Santa Cruz del Retamar,Toledo,
SE-20 - Estádio de La Cartuja,Santiponce,Sevilha,
SE-20 - Miraflores,Sevilha,Sevilha,Norte
SE-20 - Parque de Alamillo,Santiponce,Sevilha,
SE-20 - Pino Montano,Sevilha,Sevilha,Norte
SE-20 - San Jerónimo,Sevilha,Sevilha,Norte
SE-30 - Saída 1,Sevilha,Sevilha,Este-Alcosa-Torreblanca
SE-30 - Saída 3,Sevilha,Sevilha,Cerro-Amate
SE-30 - Saída 4,Sevilha,Sevilha,Cerro-Amate
SE-30 - Saída 5,Alcalá de Guadaíra,Sevilha,
SE-30 - Saída 8,Sevilha,Sevilha,Bellavista-La Palmera
SE-30 - Saída 12,Sevilha,Sevilha,Los Remedios
SE-30 - Saída 14,Sevilha,Sevilha,Triana
SE-30 - Saída 15,San Juan de Aznalfarache,Sevilha,
SE-30 - Saída 21,Sevilha,Sevilha,Triana
SE-40 - Reinício,Palomares del Río,Sevilha,
SE-40 - Saída 5,Sevilha,Sevilha,Este-Alcosa-Torreblanca
SE-40 - Saída 19,Dos Hermanas,Sevilha,
SE-40 - Saída 35,Almensilla,Sevilha,
Seseña Nuevo,Seseña,Toledo,
Seseña,Seseña,Toledo,
Sevilha - Avenida Expo 92,Sevilha,Sevilha,Triana
Sevilha - Parque de Alamillo,Sevilha,Sevilha,Triana
Talavera la Real,Talavera la Real,Badajoz,
Tarifa,Tarifa,Cádiz,
Tariquejo,Villanueva de los Castillejos,Huelva,
Terminal Rodoviário de Huelva,Huelva,Huelva,
Universidade de Huelva - Campus de El Carmen,Huelva,Huelva,
Universidade de Huelva - Campus de La Merced,Huelva,Huelva,
Urbanização Mirador de Cerro Gordo,Badajoz,Badajoz,
Urbanización Dehesa Golf,Aljaraque,Huelva,
Urbanización La Monacilla,Aljaraque,Huelva,
Urbanización Las Moreras,Gibraleón,Huelva,
Urbasur,Isla Cristina,Huelva,
V-31 - Font de Sant Lluís,València / Valencia,València / Valencia,Quatre Carreres
V-31 - Saída 3,Silla,València / Valencia,
V-31 - Saída 5,Silla,València / Valencia,
V-31 - Saída 6,Beniparrell,València / Valencia,
V-31 - Saída 7,Albal,València / Valencia,
V-31 - Saída 8,Catarroja,València / Valencia,
V-31 - Saída 9,Alfafar,València / Valencia,
V-31 - Saída 10,Alfafar,València / Valencia,
V-31 - Saída 11,Sedaví,València / Valencia,
Valencia del Mombuey,Valencia del Mombuey,Badajoz,
Villablanca,Villablanca,Huelva,
Villafranco del Guadiana,Badajoz,Badajoz,
Villanueva de la Serena,Villanueva de la Serena,Badajoz,
Villanueva de los Castillejos,Villanueva de los Castillejos,Huelva,
